{
  "train_loss": [
    0.2611253952924852,
    0.12210443537047616,
    0.09425190572578598,
    0.08054060781898874,
    0.07209586151040814,
    0.06130453825053862,
    0.057071663381531836,
    0.051484986435484006,
    0.04766078314988839,
    0.04193797331234371
  ],
  "train_acc": [
    0.9202592592592592,
    0.963574074074074,
    0.9713888888888889,
    0.9761666666666666,
    0.9779814814814815,
    0.9817592592592592,
    0.9825925925925926,
    0.9848703703703704,
    0.9856111111111111,
    0.987
  ],
  "val_loss": [
    0.14420205291112265,
    0.1134965746998787,
    0.10883006821076076,
    0.09670636990169684,
    0.08290308447678883,
    0.09250462850183248,
    0.10081905093416571,
    0.09147920375068982,
    0.09371562172751874,
    0.10266475966386497
  ],
  "val_acc": [
    0.9526666666666667,
    0.9688333333333333,
    0.9688333333333333,
    0.9726666666666667,
    0.9761666666666666,
    0.9768333333333333,
    0.9778333333333333,
    0.9746666666666667,
    0.9761666666666666,
    0.9776666666666667
  ],
  "learning_rate": [
    0.001,
    0.001,
    0.001,
    0.001,
    0.001,
    0.001,
    0.001,
    0.001,
    0.001,
    0.001
  ],
  "best_epoch": 5,
  "best_val_loss": 0.08290308447678883,
  "best_val_acc": 0.9761666666666666,
  "config": {
    "hidden_sizes": [
      512,
      256,
      128
    ],
    "activation": "gelu",
    "dropout": 0.2,
    "use_batch_norm": false,
    "epochs": 15,
    "batch_size": 64,
    "learning_rate": 0.001,
    "optimizer": "adam",
    "scheduler": "none",
    "regularizer": "none",
    "reg_lambda": 0.0,
    "weight_decay": 0.0
  }
}