{
  "test_loss": 0.07416301877787336,
  "test_accuracy": 0.9787,
  "num_samples": 10000,
  "per_class_accuracy": [
    0.9918367346938776,
    0.986784140969163,
    0.9815891472868217,
    0.9851485148514851,
    0.9735234215885947,
    0.976457399103139,
    0.9864300626304802,
    0.9717898832684825,
    0.9661190965092402,
    0.9663032705649157
  ],
  "confusion_matrix": [
    [
      972,
      1,
      1,
      0,
      0,
      1,
      3,
      1,
      1,
      0
    ],
    [
      0,
      1120,
      5,
      2,
      0,
      2,
      4,
      1,
      1,
      0
    ],
    [
      5,
      0,
      1013,
      7,
      1,
      0,
      0,
      3,
      3,
      0
    ],
    [
      0,
      0,
      7,
      995,
      0,
      3,
      0,
      0,
      5,
      0
    ],
    [
      1,
      0,
      4,
      0,
      956,
      0,
      7,
      2,
      0,
      12
    ],
    [
      2,
      0,
      0,
      8,
      1,
      871,
      5,
      0,
      3,
      2
    ],
    [
      5,
      2,
      0,
      0,
      0,
      4,
      945,
      0,
      2,
      0
    ],
    [
      3,
      4,
      10,
      4,
      0,
      1,
      0,
      999,
      2,
      5
    ],
    [
      2,
      1,
      4,
      14,
      1,
      4,
      2,
      3,
      941,
      2
    ],
    [
      5,
      2,
      1,
      6,
      9,
      6,
      1,
      3,
      1,
      975
    ]
  ],
  "config": {
    "hidden_sizes": [
      512,
      256,
      128
    ],
    "activation": "gelu",
    "dropout": 0.2,
    "use_batch_norm": false,
    "batch_size": 64,
    "learning_rate": 0.001,
    "optimizer": "adam",
    "scheduler": "none",
    "regularizer": "none",
    "reg_lambda": 0.0,
    "weight_decay": 0.0
  }
}