{
  "train_loss": [
    1.0524405878596836,
    0.7435774735768637,
    0.7032841575198703,
    0.6864608907593621,
    0.6671033196979099,
    0.6662766617351108,
    0.6608978197945489,
    0.6507738087760078,
    0.6475450713687473,
    0.64440023182763,
    0.6368441929711236,
    0.6317154563056098,
    0.6346877360767789,
    0.6304896570629543,
    0.6265485023392572,
    0.624424484761556,
    0.6219869301689995,
    0.6215951353920831,
    0.619646835454305,
    0.6174531766997443,
    0.616287074830797,
    0.6170316356129116,
    0.6143071260028415,
    0.6094182797749838,
    0.6134274712986416,
    0.6139205148061117
  ],
  "train_acc": [
    0.6641555555555556,
    0.7480222222222223,
    0.7580666666666667,
    0.7618,
    0.7694,
    0.7687777777777778,
    0.7720444444444444,
    0.7754444444444445,
    0.7760666666666667,
    0.7761555555555556,
    0.7795777777777778,
    0.7813111111111111,
    0.7805111111111112,
    0.7804,
    0.7837333333333333,
    0.7829777777777778,
    0.7830444444444444,
    0.7847777777777778,
    0.7846666666666666,
    0.7866444444444445,
    0.7854,
    0.7868222222222222,
    0.7881111111111111,
    0.7896,
    0.7869111111111111,
    0.7864
  ],
  "val_loss": [
    0.7277650966644287,
    0.6677711556434631,
    0.6941966494560242,
    0.6532332648277283,
    0.6382717629432678,
    0.6365428303718567,
    0.6272341239929199,
    0.6189678936004639,
    0.6075427969932556,
    0.6076149939537049,
    0.6065214158058166,
    0.597328622341156,
    0.5974694492340088,
    0.5917138481140136,
    0.6002272157669067,
    0.5935579640388489,
    0.6034598552703857,
    0.5845066230773925,
    0.5781066482543945,
    0.5909109755516052,
    0.5907217771530151,
    0.584352645778656,
    0.5888608407974243,
    0.5838254760742188,
    0.5845069390296936,
    0.5822119004249573
  ],
  "val_acc": [
    0.755,
    0.7752,
    0.763,
    0.7824,
    0.7838,
    0.7846,
    0.7904,
    0.7876,
    0.7918,
    0.7958,
    0.7934,
    0.7982,
    0.7944,
    0.7986,
    0.7986,
    0.7972,
    0.799,
    0.7988,
    0.8056,
    0.7996,
    0.7996,
    0.802,
    0.798,
    0.8036,
    0.8014,
    0.801
  ],
  "learning_rate": [
    0.0009972636867364526,
    0.000989084726566536,
    0.0009755527298894295,
    0.0009568159560924792,
    0.0009330796891903274,
    0.0009046039886902865,
    0.0008717008403259585,
    0.0008347307378762498,
    0.0007940987335200904,
    0.00075025,
    0.0007036649532163624,
    0.0006548539886902864,
    0.0006043518895634709,
    0.0005527119674021931,
    0.0005005000000000002,
    0.00044828803259780724,
    0.0003966481104365292,
    0.00034614601130971383,
    0.00029733504678363786,
    0.00025075000000000016,
    0.00020690126647990976,
    0.0001662692621237505,
    0.00012929915967404166,
    9.639601130971383e-05,
    6.792031080967288e-05,
    4.418404390752082e-05
  ],
  "best_epoch": 19,
  "best_val_loss": 0.5781066482543945,
  "best_val_acc": 0.8056,
  "config": {
    "training_mode": "transfer_resize",
    "epochs": 30,
    "batch_size": 128,
    "learning_rate": 0.001,
    "optimizer": "adam",
    "scheduler": "cosine",
    "weight_decay": 0.0001,
    "label_smoothing": 0.1,
    "kd_temperature": 4.0,
    "kd_alpha": 0.5
  }
}