{
  "test_loss": 0.07526249337498593,
  "test_accuracy": 0.9804,
  "num_samples": 10000,
  "per_class_accuracy": [
    0.9897959183673469,
    0.9929515418502203,
    0.9757751937984496,
    0.9782178217821782,
    0.9837067209775967,
    0.976457399103139,
    0.9770354906054279,
    0.9844357976653697,
    0.9804928131416838,
    0.9633300297324083
  ],
  "confusion_matrix": [
    [
      970,
      1,
      1,
      1,
      1,
      0,
      0,
      3,
      2,
      1
    ],
    [
      0,
      1127,
      1,
      1,
      0,
      0,
      2,
      0,
      4,
      0
    ],
    [
      2,
      0,
      1007,
      4,
      1,
      0,
      2,
      7,
      9,
      0
    ],
    [
      1,
      0,
      3,
      988,
      0,
      5,
      0,
      7,
      1,
      5
    ],
    [
      0,
      0,
      3,
      0,
      966,
      0,
      5,
      2,
      1,
      5
    ],
    [
      1,
      0,
      0,
      11,
      1,
      871,
      2,
      0,
      3,
      3
    ],
    [
      5,
      2,
      1,
      1,
      5,
      4,
      936,
      1,
      3,
      0
    ],
    [
      1,
      3,
      5,
      1,
      1,
      0,
      0,
      1012,
      2,
      3
    ],
    [
      1,
      0,
      2,
      3,
      5,
      1,
      0,
      2,
      955,
      5
    ],
    [
      1,
      3,
      0,
      2,
      18,
      3,
      1,
      7,
      2,
      972
    ]
  ],
  "config": {
    "hidden_sizes": [
      256,
      128
    ],
    "activation": "relu",
    "dropout": 0.2,
    "use_batch_norm": false,
    "batch_size": 64,
    "learning_rate": 0.001,
    "optimizer": "adam",
    "scheduler": "none",
    "regularizer": "none",
    "reg_lambda": 0.0,
    "weight_decay": 0.0
  }
}