{
  "train_loss": [
    0.2928584673559224,
    0.1308189806204151,
    0.10357256062052868,
    0.08568578344417943,
    0.0732560853248945,
    0.06563137212575033,
    0.05803618070676371,
    0.05404823672412722,
    0.048483841241716785,
    0.04609633541224455,
    0.044302338362636945,
    0.043020089196834574,
    0.042423854892262844,
    0.03626392797311699,
    0.04210264702766478
  ],
  "train_acc": [
    0.9095,
    0.9598148148148148,
    0.9679074074074074,
    0.9727962962962963,
    0.9771666666666666,
    0.9791111111111112,
    0.9813888888888889,
    0.9825555555555555,
    0.9839814814814815,
    0.9856851851851852,
    0.9862222222222222,
    0.9859444444444444,
    0.9871666666666666,
    0.9876481481481482,
    0.9866666666666667
  ],
  "val_loss": [
    0.1461084591348966,
    0.09996195986866951,
    0.08943755677342415,
    0.08743692268927893,
    0.07925291108091673,
    0.07877996207773685,
    0.07810904517397285,
    0.078605704686294,
    0.08320548346887033,
    0.08229888305813074,
    0.07836673219688237,
    0.07414034351271888,
    0.08414354065658214,
    0.09473612396325916,
    0.09074266619731983
  ],
  "val_acc": [
    0.9546666666666667,
    0.9708333333333333,
    0.9728333333333333,
    0.9738333333333333,
    0.9781666666666666,
    0.9785,
    0.9785,
    0.9788333333333333,
    0.977,
    0.9806666666666667,
    0.981,
    0.9793333333333333,
    0.9786666666666667,
    0.9756666666666667,
    0.9785
  ],
  "learning_rate": [
    0.001,
    0.001,
    0.001,
    0.001,
    0.001,
    0.001,
    0.001,
    0.001,
    0.001,
    0.001,
    0.001,
    0.001,
    0.001,
    0.001,
    0.001
  ],
  "best_epoch": 12,
  "best_val_loss": 0.07414034351271888,
  "best_val_acc": 0.9793333333333333,
  "config": {
    "hidden_sizes": [
      256,
      128
    ],
    "activation": "relu",
    "dropout": 0.2,
    "use_batch_norm": false,
    "epochs": 15,
    "batch_size": 64,
    "learning_rate": 0.001,
    "optimizer": "adam",
    "scheduler": "none",
    "regularizer": "none",
    "reg_lambda": 0.0,
    "weight_decay": 0.0
  }
}