{
  "train_loss": [
    1.4066035015318128,
    0.9539826155556573,
    0.752971342086792,
    0.6433371661610073,
    0.5723489549001058,
    0.5152927681605021,
    0.476004041730033,
    0.4351553457366096,
    0.4036185391638014,
    0.3803681485864851,
    0.3555800913863712,
    0.3374991818110148,
    0.315321241291364,
    0.29790401105350917,
    0.2881829973379771,
    0.27133043538861806,
    0.2601672952334086,
    0.24211732893519933,
    0.23447464449140762,
    0.22518769012027318,
    0.2160340669631958,
    0.2041311173386044,
    0.20300836730003358,
    0.19221702205869887,
    0.18294106777509053,
    0.17077066829734378,
    0.1664215295261807,
    0.15681698226928711,
    0.15557970525953504,
    0.1440977399084303,
    0.14421392950548065,
    0.1355268270081944,
    0.13291507727305094,
    0.12702870869106717,
    0.11995193354090054,
    0.11553873582151201,
    0.11161332563029396,
    0.10994482759435971,
    0.10014488404923015,
    0.10241235755284628,
    0.09145702686839634,
    0.09118352662126224,
    0.08759573698838552,
    0.08231269302633074,
    0.08582517670260535,
    0.07614513405428992,
    0.07198891671763526,
    0.06899770575231975,
    0.06943234063254462,
    0.0599028417252832,
    0.060410329771704144
  ],
  "train_acc": [
    0.48284444444444446,
    0.6601777777777778,
    0.7388444444444444,
    0.7767111111111111,
    0.8026222222222222,
    0.8255555555555556,
    0.8366888888888889,
    0.8527111111111111,
    0.861,
    0.8695777777777778,
    0.8780888888888889,
    0.8852,
    0.8920222222222223,
    0.8959111111111111,
    0.9009555555555555,
    0.9073555555555556,
    0.9107555555555555,
    0.9175777777777778,
    0.9199777777777778,
    0.9223777777777777,
    0.9269111111111111,
    0.9289333333333334,
    0.9292,
    0.9326888888888889,
    0.9367777777777778,
    0.9407555555555556,
    0.9429111111111111,
    0.9464,
    0.9464888888888889,
    0.9511555555555555,
    0.9503777777777778,
    0.9526,
    0.9549777777777778,
    0.9565555555555556,
    0.9582888888888889,
    0.9606222222222223,
    0.9616444444444444,
    0.9615111111111111,
    0.9654888888888888,
    0.9640888888888889,
    0.9675777777777778,
    0.9686,
    0.9697777777777777,
    0.9716666666666667,
    0.9706444444444444,
    0.9741333333333333,
    0.9754666666666667,
    0.9766,
    0.9758,
    0.9792888888888889,
    0.9797333333333333
  ],
  "val_loss": [
    1.247216735267639,
    0.9069533728599548,
    0.8136997777938842,
    0.6671329082489014,
    0.5243473247528077,
    0.5777343123912811,
    0.5476456608772278,
    0.5515413617610931,
    0.5949982530236244,
    0.563859806239605,
    0.5553303822159767,
    0.5184961539745331,
    0.5854574195623398,
    0.4266278694719076,
    0.4026397705793381,
    0.4536228545546532,
    0.42645102949142455,
    0.35736393329799176,
    0.3909322439111769,
    0.382510351585038,
    0.4012949646472931,
    0.33378233860209583,
    0.35098102125525477,
    0.32072824138253925,
    0.31869620895683765,
    0.36494286122322084,
    0.3686860889747739,
    0.4103993197321892,
    0.352999930909276,
    0.33219558405280114,
    0.400225768674165,
    0.35801867201626303,
    0.3737032356647775,
    0.3129859231822193,
    0.31915591395888476,
    0.3033167630592361,
    0.3169942094601691,
    0.3433364923477173,
    0.3571786813698709,
    0.3461922025740147,
    0.32888141424842177,
    0.3550010502766818,
    0.3414912036506459,
    0.33766033186912536,
    0.3504578815162182,
    0.34820312163829803,
    0.3869449278488755,
    0.39205305825611575,
    0.35833277335572056,
    0.3356298877579626,
    0.3622974201261997
  ],
  "val_acc": [
    0.5568,
    0.6864,
    0.7208,
    0.7696,
    0.8206,
    0.7998,
    0.8174,
    0.8208,
    0.7992,
    0.8142,
    0.8264,
    0.8412,
    0.8168,
    0.8608,
    0.8626,
    0.8504,
    0.8648,
    0.8854,
    0.876,
    0.8774,
    0.875,
    0.8936,
    0.8922,
    0.8942,
    0.8962,
    0.8826,
    0.8942,
    0.8792,
    0.8994,
    0.9014,
    0.8838,
    0.8964,
    0.8942,
    0.9104,
    0.911,
    0.9082,
    0.9112,
    0.903,
    0.8984,
    0.909,
    0.9118,
    0.9054,
    0.9076,
    0.908,
    0.9028,
    0.9112,
    0.902,
    0.9,
    0.912,
    0.9194,
    0.9132
  ],
  "learning_rate": [
    0.0009997535269026829,
    0.0009990143508499217,
    0.0009977832013192385,
    0.0009960612933065818,
    0.0009938503261272714,
    0.00099115248173898,
    0.0009879704225884043,
    0.0009843072889837512,
    0.000980166695995633,
    0.0009755527298894294,
    0.0009704699440926358,
    0.0009649233547011817,
    0.0009589184355291487,
    0.000952461112706777,
    0.00094555775883209,
    0.0009382151866819101,
    0.0009304406424884702,
    0.000922241798788257,
    0.0009136267468501441,
    0.0009046039886902867,
    0.0008951824286816578,
    0.0008853713647665072,
    0.000875180479280415,
    0.0008646198293969955,
    0.0008536998372026809,
    0.0008424312794113805,
    0.0008308252767291645,
    0.0008188932828794709,
    0.0008066470732996622,
    0.0007940987335200908,
    0.0007812606472371397,
    0.0007681454840920092,
    0.000754766187167311,
    0.0007411359602138073,
    0.0007272682546199041,
    0.0007131767561367543,
    0.0006988753713720733,
    0.0006843782140659972,
    0.0006696995911625235,
    0.0006548539886902866,
    0.0006398560574665955,
    0.0006247205986388453,
    0.0006094625490775734,
    0.0005940969666355699,
    0.0005786390152875957,
    0.0005631039501653704,
    0.0005475071025025982,
    0.0005318638645048924,
    0.0005161896741595254,
    0.0005005000000000003,
    0.0004848103258404752
  ],
  "best_epoch": 36,
  "best_val_loss": 0.3033167630592361,
  "best_val_acc": 0.9082,
  "config": {
    "training_mode": "scratch",
    "epochs": 100,
    "batch_size": 128,
    "learning_rate": 0.001,
    "optimizer": "adam",
    "scheduler": "cosine",
    "weight_decay": 0.0001,
    "label_smoothing": 0.1,
    "kd_temperature": 4.0,
    "kd_alpha": 0.5
  }
}