{
  "train_loss": [
    0.2928584673559224,
    0.12984776874383291,
    0.10188522063388869,
    0.08239075060851044,
    0.06969750043570444,
    0.0587423476052505,
    0.05018541807750309,
    0.044363628631871606,
    0.03638035772409704,
    0.03315927716627441,
    0.026067987733123892,
    0.02219305756955442,
    0.01966323931015062,
    0.014584989313954591,
    0.013082329241481299,
    0.01100769619930846,
    0.0085671108603042,
    0.007992309958104873,
    0.00746210792367519
  ],
  "train_acc": [
    0.9095,
    0.9601111111111111,
    0.968,
    0.9740740740740741,
    0.9779629629629629,
    0.9813518518518518,
    0.984,
    0.9853703703703703,
    0.9883333333333333,
    0.9890925925925926,
    0.9915555555555555,
    0.9927407407407407,
    0.9936481481481482,
    0.9953333333333333,
    0.9956666666666667,
    0.9966851851851852,
    0.9972777777777778,
    0.997462962962963,
    0.997537037037037
  ],
  "val_loss": [
    0.1461084591348966,
    0.10433959479133288,
    0.09056078218917052,
    0.0904232846746842,
    0.08545386563738187,
    0.08398661125202973,
    0.07965470243990422,
    0.0756158263925463,
    0.07868679421395064,
    0.07770422218864163,
    0.0748103251370291,
    0.07636444959913691,
    0.075619985485139,
    0.07469713910203427,
    0.07681636713429664,
    0.07737814606221703,
    0.07608066175389104,
    0.07578724617386857,
    0.07525218857068103
  ],
  "val_acc": [
    0.9546666666666667,
    0.968,
    0.9748333333333333,
    0.9718333333333333,
    0.9771666666666666,
    0.976,
    0.9776666666666667,
    0.978,
    0.9798333333333333,
    0.9805,
    0.9798333333333333,
    0.9823333333333333,
    0.9815,
    0.983,
    0.9826666666666667,
    0.983,
    0.9825,
    0.9826666666666667,
    0.9831666666666666
  ],
  "learning_rate": [
    0.0009938503261272714,
    0.0009755527298894295,
    0.0009455577588320899,
    0.0009046039886902865,
    0.0008536998372026806,
    0.0007940987335200905,
    0.0007272682546199038,
    0.0006548539886902865,
    0.0005786390152875956,
    0.0005005000000000002,
    0.000422360984712405,
    0.00034614601130971394,
    0.0002737317453800965,
    0.00020690126647990978,
    0.00014730016279731957,
    9.639601130971382e-05,
    5.54422411679103e-05,
    2.5447270110570818e-05,
    7.149673872728741e-06
  ],
  "best_epoch": 14,
  "best_val_loss": 0.07469713910203427,
  "best_val_acc": 0.983,
  "config": {
    "hidden_sizes": [
      256,
      128
    ],
    "activation": "relu",
    "dropout": 0.2,
    "use_batch_norm": false,
    "epochs": 20,
    "batch_size": 64,
    "learning_rate": 0.001,
    "optimizer": "adam",
    "scheduler": "cosine",
    "regularizer": "none",
    "reg_lambda": 0.0,
    "weight_decay": 0.0
  }
}