{
  "test_loss": 0.06533983393645103,
  "test_accuracy": 0.9832,
  "num_samples": 10000,
  "per_class_accuracy": [
    0.9928571428571429,
    0.9955947136563876,
    0.9874031007751938,
    0.9782178217821782,
    0.9775967413441955,
    0.9831838565022422,
    0.9812108559498957,
    0.9795719844357976,
    0.9774127310061602,
    0.977205153617443
  ],
  "confusion_matrix": [
    [
      973,
      1,
      1,
      0,
      1,
      1,
      0,
      1,
      1,
      1
    ],
    [
      0,
      1130,
      1,
      1,
      0,
      0,
      1,
      1,
      1,
      0
    ],
    [
      2,
      0,
      1019,
      1,
      0,
      0,
      1,
      7,
      2,
      0
    ],
    [
      0,
      0,
      5,
      988,
      0,
      4,
      0,
      5,
      2,
      6
    ],
    [
      2,
      0,
      2,
      0,
      960,
      0,
      3,
      2,
      1,
      12
    ],
    [
      2,
      0,
      0,
      5,
      1,
      877,
      2,
      0,
      3,
      2
    ],
    [
      4,
      3,
      0,
      1,
      4,
      3,
      940,
      0,
      3,
      0
    ],
    [
      1,
      3,
      8,
      1,
      0,
      0,
      0,
      1007,
      1,
      7
    ],
    [
      4,
      1,
      2,
      3,
      2,
      1,
      0,
      5,
      952,
      4
    ],
    [
      2,
      2,
      0,
      6,
      6,
      1,
      0,
      2,
      4,
      986
    ]
  ],
  "config": {
    "hidden_sizes": [
      256,
      128
    ],
    "activation": "relu",
    "dropout": 0.2,
    "use_batch_norm": false,
    "batch_size": 64,
    "learning_rate": 0.001,
    "optimizer": "adam",
    "scheduler": "cosine",
    "regularizer": "none",
    "reg_lambda": 0.0,
    "weight_decay": 0.0
  }
}