{
  "train_loss": [
    1.5405199326621162,
    1.2233010183122424,
    1.0760494122717115,
    0.9878652685059441,
    0.9272347056600783,
    0.879375344467163,
    0.8352404582977295,
    0.8023783361223009,
    0.7767391480127971,
    0.7464255625830756,
    0.7260292484283447,
    0.6993879351933797,
    0.6832200109481812,
    0.6625098638958401,
    0.6450820799509684,
    0.6239660632239448,
    0.6045133408864339,
    0.581260072877672,
    0.560938799656762,
    0.5434327246348063,
    0.5239244160334269,
    0.5070577525456746,
    0.49076278895272146,
    0.4742220526801215,
    0.45919671166737874,
    0.44497459468841555,
    0.43342031626171534,
    0.41911738153033784,
    0.4085251476340824,
    0.4033123534626431,
    0.390693779012892,
    0.3806451160536872,
    0.368027091995875,
    0.35715969310866463,
    0.3484350117471483,
    0.3392994192759196,
    0.33329843319786917,
    0.3241791021241082,
    0.31513122448391384,
    0.3030471799320645,
    0.2975020052380032,
    0.286961827744378,
    0.28541242021984525,
    0.2800766301314036,
    0.27035765356487695,
    0.2617380190160539,
    0.2556549013402727,
    0.24943474134869045,
    0.24512050999535454,
    0.23760497727923924,
    0.23037313318252564,
    0.2252380690574646,
    0.21702435133722092,
    0.2160416303316752,
    0.20985214304394192,
    0.2042330521689521,
    0.19959487908151416,
    0.1981490277952618,
    0.19220931736893124,
    0.18937529292636449,
    0.18502766300837198,
    0.18263073608080546,
    0.17803832080629137,
    0.17544970270262825,
    0.17191386493047078,
    0.17038351674079896,
    0.16644518950515325,
    0.16438941306273142,
    0.16291820565329657,
    0.1614190911822849,
    0.1595869602892134,
    0.15933485396438174,
    0.15600884370538923,
    0.15632515452702841,
    0.15577371997303432,
    0.15509565177758536,
    0.15485536184310913,
    0.1539842309474945,
    0.15424713886843788,
    0.15459854913287693
  ],
  "train_acc": [
    0.37555555555555553,
    0.5456444444444445,
    0.6265333333333334,
    0.6737333333333333,
    0.7059555555555556,
    0.7291555555555556,
    0.7514444444444445,
    0.7694888888888889,
    0.7810888888888889,
    0.7932444444444444,
    0.8057555555555556,
    0.8168222222222222,
    0.8239777777777778,
    0.8321333333333333,
    0.8414,
    0.8488,
    0.8566444444444444,
    0.8643555555555555,
    0.8697333333333334,
    0.8762888888888889,
    0.8834666666666666,
    0.8883111111111112,
    0.8935111111111111,
    0.8986222222222222,
    0.9047333333333333,
    0.9073333333333333,
    0.9106222222222222,
    0.9159777777777778,
    0.9193333333333333,
    0.9220222222222222,
    0.9250888888888888,
    0.9280222222222222,
    0.9317555555555556,
    0.9336888888888889,
    0.9384888888888889,
    0.9412888888888888,
    0.9424444444444444,
    0.9459555555555555,
    0.9485111111111111,
    0.9515111111111111,
    0.9558444444444445,
    0.9580888888888889,
    0.9587333333333333,
    0.9598666666666666,
    0.9624444444444444,
    0.9665111111111111,
    0.9678,
    0.9702444444444445,
    0.9705111111111111,
    0.9723777777777778,
    0.9752222222222222,
    0.9766888888888889,
    0.9779111111111111,
    0.9796222222222222,
    0.9799555555555556,
    0.9827555555555556,
    0.9832444444444445,
    0.9828444444444444,
    0.9852222222222222,
    0.9855111111111111,
    0.9869555555555556,
    0.9884222222222222,
    0.9885555555555555,
    0.9888,
    0.9894666666666667,
    0.9908,
    0.9911777777777778,
    0.9921111111111112,
    0.9913333333333333,
    0.9918666666666667,
    0.9924,
    0.9924888888888889,
    0.9936,
    0.9933333333333333,
    0.9933777777777778,
    0.9932666666666666,
    0.9938,
    0.9938666666666667,
    0.9929777777777777,
    0.9931111111111111
  ],
  "val_loss": [
    1.3955203430175782,
    1.1739349137306214,
    1.0537975049972534,
    0.9226769780158997,
    0.9022650195121765,
    0.9121404589653015,
    0.7740329786777497,
    0.7253001518249512,
    0.6833290454864502,
    0.7101668627738953,
    0.6916700119018555,
    0.6535940776824951,
    0.6094439250946045,
    0.5951337021827697,
    0.5789484045505524,
    0.5268607772827149,
    0.6166746078491211,
    0.5400248364448548,
    0.5400447535991668,
    0.479833642911911,
    0.5211706374168396,
    0.5191576245307923,
    0.4952328220367432,
    0.507077520942688,
    0.49049819581508636,
    0.442958438539505,
    0.46245454487800597,
    0.4484443476676941,
    0.4545603998184204,
    0.48292869758605955,
    0.49151909732818605,
    0.4399552289485931,
    0.4494287113189697,
    0.42646682629585264,
    0.46387684977054594,
    0.4405045635700226,
    0.4527765849113464,
    0.43019156222343446,
    0.41760757880210875,
    0.4299282102108002,
    0.4260103850364685,
    0.4497371102809906,
    0.4137056750535965,
    0.40056110138893125,
    0.4155370621204376,
    0.4119252583503723,
    0.41906784744262693,
    0.4044054558753967,
    0.4099282773256302,
    0.4072568183898926,
    0.3901420245409012,
    0.40412815594673157,
    0.39143884756565095,
    0.40138581056594846,
    0.3962124784231186,
    0.39211800937652586,
    0.3891072544336319,
    0.3815727966785431,
    0.3871234966278076,
    0.3875385634422302,
    0.3944673328876495,
    0.3876917303085327,
    0.3904481459617615,
    0.383566925573349,
    0.37527235374450685,
    0.37714700214862823,
    0.3808944846630096,
    0.3889641520023346,
    0.37422189512252807,
    0.384034291768074,
    0.3772466419696808,
    0.37995505275726316,
    0.37284205665588377,
    0.3792123639345169,
    0.3782646764755249,
    0.3798057837963104,
    0.3779501377105713,
    0.377730006146431,
    0.37810738682746886,
    0.37805088405609133
  ],
  "val_acc": [
    0.5094,
    0.6214,
    0.6496,
    0.7196,
    0.735,
    0.73,
    0.7718,
    0.7966,
    0.8238,
    0.809,
    0.8048,
    0.823,
    0.8362,
    0.8418,
    0.847,
    0.8666,
    0.8362,
    0.8578,
    0.86,
    0.8718,
    0.8674,
    0.8618,
    0.8696,
    0.8662,
    0.8752,
    0.887,
    0.8804,
    0.8872,
    0.8882,
    0.874,
    0.877,
    0.8882,
    0.8854,
    0.8904,
    0.8878,
    0.8914,
    0.8912,
    0.8882,
    0.8892,
    0.8926,
    0.8966,
    0.8812,
    0.8946,
    0.901,
    0.8982,
    0.9022,
    0.8948,
    0.9002,
    0.8966,
    0.8992,
    0.9032,
    0.8984,
    0.9022,
    0.8998,
    0.9032,
    0.9062,
    0.9074,
    0.9046,
    0.902,
    0.906,
    0.906,
    0.9058,
    0.9076,
    0.9054,
    0.9076,
    0.9048,
    0.9082,
    0.9082,
    0.9086,
    0.907,
    0.9116,
    0.9086,
    0.9092,
    0.9072,
    0.9098,
    0.9088,
    0.9068,
    0.9092,
    0.9078,
    0.909
  ],