{
  "train_loss": [
    0.8366037810431587,
    0.5048225874000125,
    0.41700778090688917,
    0.36213006358941396,
    0.3268081796222263,
    0.29987860743734573,
    0.2745220710741149,
    0.26227717991669974,
    0.2462638958507114,
    0.23289529117478264,
    0.21811926940282186,
    0.2076921837594774,
    0.19589681565761566,
    0.18900518674055736,
    0.1742103593349457,
    0.16547284371587964,
    0.1544638546877437,
    0.14283599590063095,
    0.13858843019273545,
    0.12106490149497987,
    0.12029500798119439,
    0.10684476444588767,
    0.1020209034482638,
    0.09359870665868124,
    0.08626497370004654,
    0.0767994683543841,
    0.06688440752029419,
    0.06476964623398251,
    0.05891359979973899,
    0.049669327100118,
    0.04247145869731903,
    0.03986849745776918,
    0.03325335052808126,
    0.032443445518944,
    0.025800524276826116,
    0.022254190470112695,
    0.018282238761832315,
    0.015000251638061471,
    0.013039759341234134,
    0.011428633137543996,
    0.008716855995274253
  ],
  "train_acc": [
    0.7118,
    0.8285777777777777,
    0.8576666666666667,
    0.8760222222222223,
    0.8893777777777778,
    0.9,
    0.9070222222222222,
    0.9112,
    0.9162,
    0.9206666666666666,
    0.9257111111111112,
    0.9288666666666666,
    0.9343555555555556,
    0.9352666666666667,
    0.9408222222222222,
    0.9440444444444445,
    0.9479333333333333,
    0.9511777777777778,
    0.9526,
    0.9587333333333333,
    0.9593777777777778,
    0.9632222222222222,
    0.9651333333333333,
    0.9688666666666667,
    0.9704666666666667,
    0.9746,
    0.9772666666666666,
    0.9779111111111111,
    0.9803555555555555,
    0.9829333333333333,
    0.9855555555555555,
    0.9862888888888889,
    0.9890666666666666,
    0.989,
    0.9913333333333333,
    0.9924222222222222,
    0.9944222222222222,
    0.9950222222222223,
    0.9960666666666667,
    0.9963777777777778,
    0.9972222222222222
  ],
  "val_loss": [
    0.5961419240474701,
    0.44424776630401613,
    0.4704708568572998,
    0.43301188422441483,
    0.3907793865442276,
    0.37442170147895815,
    0.35231511375010016,
    0.3430477277040482,
    0.35548046305775644,
    0.2801485882230103,
    0.36628748865127564,
    0.280973072719574,
    0.35467986917495725,
    0.3269732015065849,
    0.27876120993494985,
    0.28098223587945104,
    0.3077366323694587,
    0.3049364443704486,
    0.28199263160526755,
    0.2812278808563948,
    0.26862634187527,
    0.26954338863696903,
    0.2649212718605995,
    0.2734711356036365,
    0.2677151057511568,
    0.25106207473054526,
    0.25532022922858594,
    0.2797601013498381,
    0.23892339576147498,
    0.2512656687647104,
    0.234850970673305,
    0.2638712742131902,
    0.2524976893999847,
    0.2667230063612573,
    0.25288986198294444,
    0.24973421115481179,
    0.24046670499040046,
    0.24438052978622726,
    0.24590427081565286,
    0.23713262560312287,
    0.24397282841172563
  ],
  "val_acc": [
    0.7962,
    0.8432,
    0.8432,
    0.853,
    0.8674,
    0.8764,
    0.88,
    0.8842,
    0.8854,
    0.9066,
    0.885,
    0.9058,
    0.8918,
    0.8952,
    0.9112,
    0.9138,
    0.9012,
    0.9096,
    0.9136,
    0.9126,
    0.9176,
    0.921,
    0.9208,
    0.9174,
    0.9224,
    0.9266,
    0.9294,
    0.9232,
    0.9312,
    0.9302,
    0.9382,
    0.9278,
    0.9332,
    0.9334,
    0.9376,
    0.9386,
    0.9432,
    0.9424,
    0.9416,
    0.9404,
    0.9408
  ],
  "learning_rate": [
    0.0009990143508499217,
    0.0009960612933065818,
    0.00099115248173898,
    0.0009843072889837512,
    0.0009755527298894294,
    0.0009649233547011816,
    0.0009524611127067769,
    0.0009382151866819099,
    0.0009222417987882566,
    0.0009046039886902864,
    0.0008853713647665069,
    0.0008646198293969952,
    0.0008424312794113801,
    0.0008188932828794706,
    0.0007940987335200906,
    0.0007681454840920089,
    0.0007411359602138069,
    0.0007131767561367538,
    0.0006843782140659967,
    0.0006548539886902863,
    0.0006247205986388449,
    0.0005940969666355696,
    0.0005631039501653701,
    0.0005318638645048921,
    0.0005005,
    0.00046913613549510796,
    0.00043789604983463003,
    0.00040690303336443054,
    0.000376279401361155,
    0.00034614601130971394,
    0.00031662178593400354,
    0.00028782324386324626,
    0.00025986403978619317,
    0.00023285451590799105,
    0.0002069012664799097,
    0.00018210671712052946,
    0.00015856872058861996,
    0.00013638017060300502,
    0.0001156286352334933,
    9.639601130971378e-05,
    7.875820121174356e-05
  ],
  "best_epoch": 31,
  "best_val_loss": 0.234850970673305,
  "best_val_acc": 0.9382,
  "config": {
    "training_mode": "transfer_modify",
    "epochs": 50,
    "batch_size": 128,
    "learning_rate": 0.001,
    "optimizer": "adam",
    "scheduler": "cosine",
    "weight_decay": 0.0001,
    "label_smoothing": 0.1,
    "kd_temperature": 4.0,
    "kd_alpha": 0.5
  }
}