{
  "test_loss": 0.07999457536468399,
  "test_accuracy": 0.9785,
  "num_samples": 10000,
  "per_class_accuracy": [
    0.9897959183673469,
    0.9911894273127754,
    0.9815891472868217,
    0.9900990099009901,
    0.9704684317718941,
    0.9540358744394619,
    0.9812108559498957,
    0.9747081712062257,
    0.9794661190965093,
    0.9682854311199207
  ],
  "confusion_matrix": [
    [
      970,
      1,
      2,
      1,
      0,
      0,
      3,
      2,
      1,
      0
    ],
    [
      0,
      1125,
      3,
      4,
      0,
      0,
      0,
      0,
      3,
      0
    ],
    [
      3,
      0,
      1013,
      8,
      1,
      0,
      0,
      5,
      2,
      0
    ],
    [
      0,
      0,
      2,
      1000,
      0,
      1,
      0,
      4,
      3,
      0
    ],
    [
      2,
      2,
      2,
      0,
      953,
      0,
      4,
      3,
      3,
      13
    ],
    [
      4,
      1,
      0,
      24,
      1,
      851,
      4,
      1,
      4,
      2
    ],
    [
      6,
      4,
      1,
      1,
      1,
      3,
      940,
      0,
      2,
      0
    ],
    [
      1,
      2,
      9,
      2,
      1,
      0,
      0,
      1002,
      6,
      5
    ],
    [
      2,
      0,
      2,
      6,
      1,
      3,
      3,
      2,
      954,
      1
    ],
    [
      3,
      2,
      0,
      7,
      8,
      1,
      0,
      7,
      4,
      977
    ]
  ],
  "config": {
    "hidden_sizes": [
      512,
      256,
      128
    ],
    "activation": "relu",
    "dropout": 0.2,
    "use_batch_norm": false,
    "batch_size": 64,
    "learning_rate": 0.001,
    "optimizer": "adam",
    "scheduler": "none",
    "regularizer": "none",
    "reg_lambda": 0.0,
    "weight_decay": 0.0
  }
}