{
  "train_loss": [
    0.28448426021911477,
    0.128234154144371,
    0.10028592135839992,
    0.0845994100915613,
    0.07470675003307838,
    0.06252753275839819,
    0.05844437344082528,
    0.05596460452555092,
    0.050357066325481155,
    0.04776318070984066,
    0.04294237779222291,
    0.039204778481102376,
    0.04176674103829147
  ],
  "train_acc": [
    0.9125,
    0.961037037037037,
    0.9699444444444445,
    0.9752222222222222,
    0.9782037037037037,
    0.9809629629629629,
    0.9820185185185185,
    0.9828148148148148,
    0.9845,
    0.9855185185185186,
    0.9866111111111111,
    0.9880740740740741,
    0.9868518518518519
  ],
  "val_loss": [
    0.14334197762608528,
    0.11485406739016374,
    0.10595728516578674,
    0.08664554071426392,
    0.08632538746235272,
    0.09500302724540234,
    0.10118059917539358,
    0.08108403160360952,
    0.08123920099018142,
    0.09639529385541876,
    0.08296032535890117,
    0.12120419197203591,
    0.08428252756036818
  ],
  "val_acc": [
    0.9573333333333334,
    0.9675,
    0.9685,
    0.9763333333333334,
    0.9761666666666666,
    0.9725,
    0.9738333333333333,
    0.979,
    0.9803333333333333,
    0.9793333333333333,
    0.9793333333333333,
    0.9765,
    0.9788333333333333
  ],
  "learning_rate": [
    0.001,
    0.001,
    0.001,
    0.001,
    0.001,
    0.001,
    0.001,
    0.001,
    0.001,
    0.001,
    0.001,
    0.001,
    0.001
  ],
  "best_epoch": 8,
  "best_val_loss": 0.08108403160360952,
  "best_val_acc": 0.979,
  "config": {
    "hidden_sizes": [
      512,
      256,
      128
    ],
    "activation": "relu",
    "dropout": 0.2,
    "use_batch_norm": false,
    "epochs": 15,
    "batch_size": 64,
    "learning_rate": 0.001,
    "optimizer": "adam",
    "scheduler": "none",
    "regularizer": "none",
    "reg_lambda": 0.0,
    "weight_decay": 0.0
  }
}