{
  "test_loss": 0.0690485674915035,
  "test_accuracy": 0.9827,
  "num_samples": 10000,
  "per_class_accuracy": [
    0.9887755102040816,
    0.9938325991189427,
    0.9874031007751938,
    0.9831683168316832,
    0.9826883910386965,
    0.9786995515695067,
    0.9906054279749478,
    0.9785992217898832,
    0.9722792607802875,
    0.9692765113974232
  ],
  "confusion_matrix": [
    [
      969,
      1,
      1,
      0,
      2,
      3,
      3,
      1,
      0,
      0
    ],
    [
      0,
      1128,
      1,
      1,
      0,
      1,
      2,
      0,
      2,
      0
    ],
    [
      2,
      1,
      1019,
      2,
      1,
      0,
      2,
      2,
      3,
      0
    ],
    [
      0,
      0,
      3,
      993,
      0,
      6,
      0,
      3,
      2,
      3
    ],
    [
      0,
      0,
      3,
      0,
      965,
      0,
      5,
      1,
      0,
      8
    ],
    [
      2,
      0,
      0,
      9,
      1,
      873,
      3,
      0,
      2,
      2
    ],
    [
      1,
      2,
      0,
      1,
      3,
      2,
      949,
      0,
      0,
      0
    ],
    [
      1,
      1,
      11,
      1,
      0,
      0,
      0,
      1006,
      2,
      6
    ],
    [
      0,
      1,
      4,
      4,
      2,
      7,
      1,
      3,
      947,
      5
    ],
    [
      1,
      2,
      1,
      7,
      12,
      2,
      1,
      4,
      1,
      978
    ]
  ],
  "config": {
    "hidden_sizes": [
      256,
      128
    ],
    "activation": "relu",
    "dropout": 0.2,
    "use_batch_norm": false,
    "batch_size": 64,
    "learning_rate": 0.001,
    "optimizer": "adam",
    "scheduler": "plateau",
    "regularizer": "none",
    "reg_lambda": 0.0,
    "weight_decay": 0.0
  }
}