{
  "train_loss": [
    0.2928584673559224,
    0.1308189806204151,
    0.10357256062052868,
    0.08568578344417943,
    0.0732560853248945,
    0.06563137212575033,
    0.05803618070676371,
    0.05404823672412722,
    0.048483841241716785,
    0.04609633541224455,
    0.028630769595952222,
    0.02441348637997483,
    0.02459270444948709,
    0.02072623663590531,
    0.01517121426559795,
    0.013977840934110444
  ],
  "train_acc": [
    0.9095,
    0.9598148148148148,
    0.9679074074074074,
    0.9727962962962963,
    0.9771666666666666,
    0.9791111111111112,
    0.9813888888888889,
    0.9825555555555555,
    0.9839814814814815,
    0.9856851851851852,
    0.9906666666666667,
    0.992,
    0.9918888888888889,
    0.9932777777777778,
    0.9949259259259259,
    0.9953888888888889
  ],
  "val_loss": [
    0.1461084591348966,
    0.09996195986866951,
    0.08943755677342415,
    0.08743692268927893,
    0.07925291108091673,
    0.07877996207773685,
    0.07810904517397285,
    0.078605704686294,
    0.08320548346887033,
    0.08229888305813074,
    0.06532134033677478,
    0.06938228026311845,
    0.06949207549006678,
    0.07911989918304607,
    0.07295714702697781,
    0.07152981748230135
  ],
  "val_acc": [
    0.9546666666666667,
    0.9708333333333333,
    0.9728333333333333,
    0.9738333333333333,
    0.9781666666666666,
    0.9785,
    0.9785,
    0.9788333333333333,
    0.977,
    0.9806666666666667,
    0.983,
    0.9826666666666667,
    0.9833333333333333,
    0.9806666666666667,
    0.9813333333333333,
    0.9816666666666667
  ],
  "learning_rate": [
    0.001,
    0.001,
    0.001,
    0.001,
    0.001,
    0.001,
    0.001,
    0.001,
    0.001,
    0.0005,
    0.0005,
    0.0005,
    0.0005,
    0.00025,
    0.00025,
    0.00025
  ],
  "best_epoch": 11,
  "best_val_loss": 0.06532134033677478,
  "best_val_acc": 0.983,
  "config": {
    "hidden_sizes": [
      256,
      128
    ],
    "activation": "relu",
    "dropout": 0.2,
    "use_batch_norm": false,
    "epochs": 20,
    "batch_size": 64,
    "learning_rate": 0.001,
    "optimizer": "adam",
    "scheduler": "plateau",
    "regularizer": "none",
    "reg_lambda": 0.0,
    "weight_decay": 0.0
  }
}