{
  "test_loss": 0.07850843579283101,
  "test_accuracy": 0.9791,
  "num_samples": 10000,
  "per_class_accuracy": [
    0.9908163265306122,
    0.9920704845814978,
    0.9796511627906976,
    0.9811881188118812,
    0.9786150712830958,
    0.9697309417040358,
    0.975991649269311,
    0.9776264591439688,
    0.9671457905544147,
    0.9752229930624381
  ],
  "confusion_matrix": [
    [
      971,
      1,
      1,
      0,
      1,
      1,
      3,
      1,
      1,
      0
    ],
    [
      0,
      1126,
      1,
      2,
      0,
      1,
      2,
      1,
      2,
      0
    ],
    [
      3,
      2,
      1011,
      2,
      4,
      1,
      0,
      8,
      1,
      0
    ],
    [
      0,
      0,
      4,
      991,
      0,
      2,
      0,
      8,
      3,
      2
    ],
    [
      2,
      0,
      0,
      0,
      961,
      0,
      6,
      1,
      1,
      11
    ],
    [
      2,
      0,
      0,
      14,
      1,
      865,
      5,
      1,
      3,
      1
    ],
    [
      6,
      3,
      0,
      1,
      3,
      5,
      935,
      1,
      4,
      0
    ],
    [
      2,
      2,
      14,
      0,
      0,
      0,
      0,
      1005,
      1,
      4
    ],
    [
      4,
      1,
      1,
      3,
      4,
      5,
      5,
      3,
      942,
      6
    ],
    [
      0,
      3,
      0,
      5,
      7,
      3,
      1,
      4,
      2,
      984
    ]
  ],
  "config": {
    "hidden_sizes": [
      256,
      128
    ],
    "activation": "relu",
    "dropout": 0.5,
    "use_batch_norm": false,
    "batch_size": 64,
    "learning_rate": 0.001,
    "optimizer": "adam",
    "scheduler": "none",
    "regularizer": "none",
    "reg_lambda": 0.0,
    "weight_decay": 0.0
  }
}