{
  "train_loss": [
    0.4441388360261917,
    0.23543462298534534,
    0.20202874199770116,
    0.1777861669284326,
    0.16414832772700874,
    0.1519239410150934,
    0.14180061703699606,
    0.13806643044065547,
    0.13798961647958669,
    0.12954247782627742,
    0.12296774430628177,
    0.12346967906422085,
    0.11789298553544063,
    0.11565841151829119,
    0.11034258676844615
  ],
  "train_acc": [
    0.8627407407407407,
    0.9306111111111111,
    0.9419259259259259,
    0.9475740740740741,
    0.9517407407407408,
    0.9554814814814815,
    0.9582407407407407,
    0.9592962962962963,
    0.9591481481481482,
    0.9612407407407407,
    0.9637222222222223,
    0.9630555555555556,
    0.9648333333333333,
    0.9656481481481481,
    0.9674444444444444
  ],
  "val_loss": [
    0.18770521573225657,
    0.14344810328880947,
    0.12097494202852249,
    0.11334336892763773,
    0.10542834431429704,
    0.09805052183071772,
    0.09777130623410145,
    0.09126671978334586,
    0.08829091670612495,
    0.09723537327845891,
    0.08819085043917099,
    0.09172610030323267,
    0.08932280359913905,
    0.09308162158727645,
    0.08585439555098613
  ],
  "val_acc": [
    0.9446666666666667,
    0.9593333333333334,
    0.9658333333333333,
    0.9685,
    0.972,
    0.9716666666666667,
    0.974,
    0.9741666666666666,
    0.9756666666666667,
    0.9736666666666667,
    0.9738333333333333,
    0.9731666666666666,
    0.9753333333333334,
    0.9745,
    0.9748333333333333
  ],
  "learning_rate": [
    0.001,
    0.001,
    0.001,
    0.001,
    0.001,
    0.001,
    0.001,
    0.001,
    0.001,
    0.001,
    0.001,
    0.001,
    0.001,
    0.001,
    0.001
  ],
  "best_epoch": 15,
  "best_val_loss": 0.08585439555098613,
  "best_val_acc": 0.9748333333333333,
  "config": {
    "hidden_sizes": [
      256,
      128
    ],
    "activation": "relu",
    "dropout": 0.5,
    "use_batch_norm": false,
    "epochs": 15,
    "batch_size": 64,
    "learning_rate": 0.001,
    "optimizer": "adam",
    "scheduler": "none",
    "regularizer": "none",
    "reg_lambda": 0.0,
    "weight_decay": 0.0
  }
}