{
  "test_loss": 0.10738948581167497,
  "test_accuracy": 0.9685,
  "num_samples": 10000,
  "per_class_accuracy": [
    0.9846938775510204,
    0.9841409691629956,
    0.9709302325581395,
    0.9752475247524752,
    0.9521384928716904,
    0.9338565022421524,
    0.975991649269311,
    0.9766536964980544,
    0.9661190965092402,
    0.9593657086223984
  ],
  "confusion_matrix": [
    [
      965,
      1,
      2,
      0,
      0,
      2,
      6,
      1,
      2,
      1
    ],
    [
      0,
      1117,
      3,
      2,
      0,
      1,
      1,
      0,
      11,
      0
    ],
    [
      4,
      4,
      1002,
      6,
      1,
      0,
      1,
      6,
      8,
      0
    ],
    [
      0,
      0,
      12,
      985,
      0,
      1,
      0,
      5,
      5,
      2
    ],
    [
      1,
      0,
      12,
      0,
      935,
      0,
      7,
      2,
      6,
      19
    ],
    [
      6,
      0,
      1,
      25,
      1,
      833,
      16,
      2,
      4,
      4
    ],
    [
      5,
      2,
      1,
      0,
      2,
      9,
      935,
      0,
      4,
      0
    ],
    [
      1,
      2,
      14,
      2,
      1,
      0,
      0,
      1004,
      0,
      4
    ],
    [
      2,
      0,
      5,
      6,
      4,
      5,
      3,
      4,
      941,
      4
    ],
    [
      3,
      3,
      0,
      8,
      12,
      1,
      2,
      7,
      5,
      968
    ]
  ],
  "config": {
    "hidden_sizes": [
      256,
      128
    ],
    "activation": "relu",
    "dropout": 0.2,
    "use_batch_norm": false,
    "batch_size": 64,
    "learning_rate": 0.003,
    "optimizer": "adam",
    "scheduler": "none",
    "regularizer": "none",
    "reg_lambda": 0.0,
    "weight_decay": 0.0
  }
}