{
  "train_loss": [
    0.2879694236975025,
    0.1739670797807199,
    0.15007515494028728,
    0.1346599131397627,
    0.1275945180417211,
    0.12312360052557456,
    0.12083719446813619,
    0.11058367600609308,
    0.11357299702869797
  ],
  "train_acc": [
    0.9112962962962963,
    0.9489444444444445,
    0.9561111111111111,
    0.9603888888888888,
    0.9640555555555556,
    0.9655370370370371,
    0.9662407407407407,
    0.9685,
    0.967925925925926
  ],
  "val_loss": [
    0.15599786658088366,
    0.1399407361149788,
    0.11871799086531003,
    0.1179951309065024,
    0.1287639546195666,
    0.12168506429592768,
    0.12079765210549037,
    0.12306434505432844,
    0.12175517235199611
  ],
  "val_acc": [
    0.955,
    0.9575,
    0.9676666666666667,
    0.9671666666666666,
    0.967,
    0.967,
    0.968,
    0.972,
    0.97
  ],
  "learning_rate": [
    0.003,
    0.003,
    0.003,
    0.003,
    0.003,
    0.003,
    0.003,
    0.003,
    0.003
  ],
  "best_epoch": 4,
  "best_val_loss": 0.1179951309065024,
  "best_val_acc": 0.9671666666666666,
  "config": {
    "hidden_sizes": [
      256,
      128
    ],
    "activation": "relu",
    "dropout": 0.2,
    "use_batch_norm": false,
    "epochs": 15,
    "batch_size": 64,
    "learning_rate": 0.003,
    "optimizer": "adam",
    "scheduler": "none",
    "regularizer": "none",
    "reg_lambda": 0.0,
    "weight_decay": 0.0
  }
}