{
  "test_loss": 0.07005682649482041,
  "test_accuracy": 0.979,
  "num_samples": 10000,
  "per_class_accuracy": [
    0.9877551020408163,
    0.9920704845814978,
    0.9796511627906976,
    0.9782178217821782,
    0.9755600814663951,
    0.9798206278026906,
    0.9801670146137788,
    0.97568093385214,
    0.9691991786447639,
    0.9702675916749257
  ],
  "confusion_matrix": [
    [
      968,
      0,
      1,
      1,
      0,
      2,
      5,
      1,
      1,
      1
    ],
    [
      0,
      1126,
      2,
      1,
      0,
      1,
      1,
      1,
      3,
      0
    ],
    [
      3,
      2,
      1011,
      0,
      1,
      0,
      2,
      8,
      5,
      0
    ],
    [
      0,
      0,
      5,
      988,
      0,
      6,
      0,
      5,
      4,
      2
    ],
    [
      0,
      0,
      4,
      0,
      958,
      0,
      5,
      2,
      2,
      11
    ],
    [
      2,
      0,
      0,
      5,
      2,
      874,
      4,
      0,
      3,
      2
    ],
    [
      5,
      3,
      2,
      0,
      2,
      5,
      939,
      0,
      2,
      0
    ],
    [
      0,
      3,
      14,
      4,
      0,
      1,
      0,
      1003,
      0,
      3
    ],
    [
      4,
      0,
      1,
      4,
      4,
      5,
      4,
      4,
      944,
      4
    ],
    [
      3,
      2,
      0,
      4,
      8,
      2,
      1,
      7,
      3,
      979
    ]
  ],
  "config": {
    "hidden_sizes": [
      256,
      128
    ],
    "activation": "relu",
    "dropout": 0.2,
    "use_batch_norm": false,
    "batch_size": 64,
    "learning_rate": 0.0001,
    "optimizer": "adam",
    "scheduler": "none",
    "regularizer": "none",
    "reg_lambda": 0.0,
    "weight_decay": 0.0
  }
}