{
  "train_loss": [
    0.6366780184463219,
    0.28645688490514404,
    0.22313146041499243,
    0.18369036910268996,
    0.15646305305207217,
    0.13241766035556793,
    0.11799507182395017,
    0.10532575637985159,
    0.09417602992609696,
    0.08555886527123274,
    0.07884248714314566,
    0.07071962203692507,
    0.06764287297538034,
    0.06009878373422005,
    0.054621376832326256
  ],
  "train_acc": [
    0.8196851851851852,
    0.9148703703703703,
    0.9332037037037038,
    0.9455185185185185,
    0.9531111111111111,
    0.9608703703703704,
    0.9650185185185185,
    0.967574074074074,
    0.9712777777777778,
    0.9741481481481481,
    0.976037037037037,
    0.9787222222222223,
    0.9802037037037037,
    0.9814444444444445,
    0.9832222222222222
  ],
  "val_loss": [
    0.29964015682538353,
    0.22640070192019146,
    0.18639398968219756,
    0.15824673620859783,
    0.1406979186932246,
    0.12865445832411448,
    0.12000380102793376,
    0.10647391843795777,
    0.09922046334544818,
    0.0943855930964152,
    0.08949928385516008,
    0.08527649280925592,
    0.08084420142571132,
    0.08018950417637825,
    0.07847719851632913
  ],
  "val_acc": [
    0.9135,
    0.9306666666666666,
    0.9436666666666667,
    0.9513333333333334,
    0.9575,
    0.9603333333333334,
    0.9636666666666667,
    0.9681666666666666,
    0.9691666666666666,
    0.9716666666666667,
    0.9726666666666667,
    0.9748333333333333,
    0.975,
    0.9751666666666666,
    0.977
  ],
  "learning_rate": [
    0.0001,
    0.0001,
    0.0001,
    0.0001,
    0.0001,
    0.0001,
    0.0001,
    0.0001,
    0.0001,
    0.0001,
    0.0001,
    0.0001,
    0.0001,
    0.0001,
    0.0001
  ],
  "best_epoch": 15,
  "best_val_loss": 0.07847719851632913,
  "best_val_acc": 0.977,
  "config": {
    "hidden_sizes": [
      256,
      128
    ],
    "activation": "relu",
    "dropout": 0.2,
    "use_batch_norm": false,
    "epochs": 15,
    "batch_size": 64,
    "learning_rate": 0.0001,
    "optimizer": "adam",
    "scheduler": "none",
    "regularizer": "none",
    "reg_lambda": 0.0,
    "weight_decay": 0.0
  }
}