{
  "test_loss": 0.08057210040297359,
  "test_accuracy": 0.9743,
  "num_samples": 10000,
  "per_class_accuracy": [
    0.9938775510204082,
    0.9876651982378855,
    0.9680232558139535,
    0.9801980198019802,
    0.9837067209775967,
    0.9618834080717489,
    0.9749478079331941,
    0.9708171206225681,
    0.9804928131416838,
    0.9395441030723488
  ],
  "confusion_matrix": [
    [
      974,
      0,
      1,
      1,
      0,
      1,
      1,
      1,
      1,
      0
    ],
    [
      0,
      1121,
      2,
      1,
      0,
      1,
      2,
      1,
      7,
      0
    ],
    [
      8,
      2,
      999,
      1,
      7,
      0,
      1,
      5,
      9,
      0
    ],
    [
      0,
      0,
      9,
      990,
      0,
      1,
      0,
      4,
      5,
      1
    ],
    [
      1,
      0,
      1,
      0,
      966,
      0,
      2,
      3,
      0,
      9
    ],
    [
      2,
      0,
      0,
      19,
      2,
      858,
      3,
      0,
      6,
      2
    ],
    [
      8,
      1,
      1,
      1,
      4,
      3,
      934,
      0,
      6,
      0
    ],
    [
      2,
      3,
      14,
      3,
      0,
      0,
      0,
      998,
      1,
      7
    ],
    [
      3,
      0,
      2,
      4,
      1,
      2,
      0,
      4,
      955,
      3
    ],
    [
      6,
      3,
      2,
      15,
      21,
      1,
      0,
      6,
      7,
      948
    ]
  ],
  "config": {
    "hidden_sizes": [
      256,
      128
    ],
    "activation": "relu",
    "dropout": 0.2,
    "use_batch_norm": false,
    "batch_size": 64,
    "learning_rate": 0.001,
    "optimizer": "adam",
    "scheduler": "none",
    "regularizer": "none",
    "reg_lambda": 0.0,
    "weight_decay": 0.0
  }
}