{
  "train_loss": [
    0.2916174641074958,
    0.13118281676371893,
    0.10266722091094212,
    0.08431210382779439,
    0.07279289845170246,
    0.06786156181163258,
    0.058512132307997455,
    0.05429699060189779,
    0.05183387714541621,
    0.04888544081437781,
    0.04734474274557498,
    0.0411618206669335,
    0.042803972922196544,
    0.037899441175300766
  ],
  "train_acc": [
    0.9111296296296296,
    0.959462962962963,
    0.9678703703703704,
    0.9736851851851852,
    0.976925925925926,
    0.9785,
    0.9821111111111112,
    0.9827592592592592,
    0.9833333333333333,
    0.9845185185185186,
    0.9851111111111112,
    0.9866666666666667,
    0.9863333333333333,
    0.9875555555555555
  ],
  "val_loss": [
    0.14236633743842442,
    0.10470971598227818,
    0.09839109109838803,
    0.09463348510861397,
    0.08557120981315772,
    0.09260784159352382,
    0.0910748301371932,
    0.08480570989847183,
    0.07758179262280464,
    0.07937529174735149,
    0.09777487672430774,
    0.08351779713916282,
    0.0900035499058043,
    0.09303476080919305
  ],
  "val_acc": [
    0.9576666666666667,
    0.9691666666666666,
    0.9726666666666667,
    0.9741666666666666,
    0.9766666666666667,
    0.9731666666666666,
    0.9733333333333334,
    0.9776666666666667,
    0.9771666666666666,
    0.979,
    0.9741666666666666,
    0.9796666666666667,
    0.9778333333333333,
    0.976
  ],
  "learning_rate": [
    0.001,
    0.001,
    0.001,
    0.001,
    0.001,
    0.001,
    0.001,
    0.001,
    0.001,
    0.001,
    0.001,
    0.001,
    0.001,
    0.001
  ],
  "best_epoch": 9,
  "best_val_loss": 0.07758179262280464,
  "best_val_acc": 0.9771666666666666,
  "config": {
    "hidden_sizes": [
      256,
      128
    ],
    "activation": "relu",
    "dropout": 0.2,
    "use_batch_norm": false,
    "epochs": 15,
    "batch_size": 64,
    "learning_rate": 0.001,
    "optimizer": "adam",
    "scheduler": "none",
    "regularizer": "l2",
    "reg_lambda": 1e-05,
    "weight_decay": 1e-05
  }
}