{
  "test_loss": 0.06702398922636639,
  "test_accuracy": 0.9817,
  "num_samples": 10000,
  "per_class_accuracy": [
    0.9918367346938776,
    0.9964757709251101,
    0.9844961240310077,
    0.9891089108910891,
    0.9826883910386965,
    0.9730941704035875,
    0.9864300626304802,
    0.9815175097276264,
    0.973305954825462,
    0.9554013875123885
  ],
  "confusion_matrix": [
    [
      972,
      0,
      2,
      0,
      1,
      1,
      0,
      1,
      2,
      1
    ],
    [
      0,
      1131,
      0,
      2,
      0,
      0,
      1,
      0,
      1,
      0
    ],
    [
      0,
      2,
      1016,
      3,
      2,
      0,
      2,
      4,
      3,
      0
    ],
    [
      0,
      0,
      2,
      999,
      0,
      1,
      0,
      4,
      3,
      1
    ],
    [
      1,
      0,
      4,
      0,
      965,
      0,
      4,
      4,
      0,
      4
    ],
    [
      2,
      1,
      0,
      10,
      1,
      868,
      3,
      1,
      3,
      3
    ],
    [
      4,
      3,
      0,
      1,
      2,
      1,
      945,
      1,
      1,
      0
    ],
    [
      0,
      2,
      8,
      2,
      0,
      0,
      0,
      1009,
      3,
      4
    ],
    [
      2,
      0,
      2,
      8,
      4,
      4,
      0,
      4,
      948,
      2
    ],
    [
      4,
      3,
      0,
      8,
      20,
      2,
      0,
      5,
      3,
      964
    ]
  ],
  "config": {
    "hidden_sizes": [
      256,
      128
    ],
    "activation": "relu",
    "dropout": 0.2,
    "use_batch_norm": false,
    "batch_size": 64,
    "learning_rate": 0.001,
    "optimizer": "adam",
    "scheduler": "none",
    "regularizer": "l2",
    "reg_lambda": 1e-05,
    "weight_decay": 1e-05
  }
}