{
  "train_loss": [
    0.2443248804697284,
    0.09824426348672972,
    0.06771563127636909,
    0.04956434264172006,
    0.04032280978105134,
    0.03644369471090397,
    0.02736932065020557,
    0.025171548032382918,
    0.019961790308515817,
    0.021708641556216646
  ],
  "train_acc": [
    0.9262037037037038,
    0.9692407407407407,
    0.9782037037037037,
    0.9841296296296296,
    0.9864814814814815,
    0.9877407407407407,
    0.991,
    0.9915,
    0.9931666666666666,
    0.9924444444444445
  ],
  "val_loss": [
    0.1389009038011233,
    0.10719939795136452,
    0.0929162435332934,
    0.08432891055569053,
    0.08292990322162708,
    0.08738536170125008,
    0.09788881171432634,
    0.09782970192407568,
    0.0918356981423373,
    0.09652751388090353
  ],
  "val_acc": [
    0.9585,
    0.9661666666666666,
    0.9738333333333333,
    0.9723333333333334,
    0.976,
    0.9733333333333334,
    0.9755,
    0.976,
    0.9783333333333334,
    0.9765
  ],
  "learning_rate": [
    0.001,
    0.001,
    0.001,
    0.001,
    0.001,
    0.001,
    0.001,
    0.001,
    0.001,
    0.001
  ],
  "best_epoch": 5,
  "best_val_loss": 0.08292990322162708,
  "best_val_acc": 0.976,
  "config": {
    "hidden_sizes": [
      256,
      128
    ],
    "activation": "relu",
    "dropout": 0.0,
    "use_batch_norm": false,
    "epochs": 15,
    "batch_size": 64,
    "learning_rate": 0.001,
    "optimizer": "adam",
    "scheduler": "none",
    "regularizer": "none",
    "reg_lambda": 0.0,
    "weight_decay": 0.0
  }
}