{
  "test_loss": 0.07058500138439704,
  "test_accuracy": 0.9784,
  "num_samples": 10000,
  "per_class_accuracy": [
    0.9908163265306122,
    0.9920704845814978,
    0.9806201550387597,
    0.9712871287128713,
    0.9857433808553971,
    0.9809417040358744,
    0.975991649269311,
    0.9649805447470817,
    0.9702258726899384,
    0.9702675916749257
  ],
  "confusion_matrix": [
    [
      971,
      1,
      1,
      0,
      0,
      1,
      3,
      1,
      1,
      1
    ],
    [
      0,
      1126,
      1,
      2,
      0,
      2,
      1,
      0,
      3,
      0
    ],
    [
      3,
      1,
      1012,
      3,
      3,
      1,
      1,
      4,
      4,
      0
    ],
    [
      0,
      0,
      2,
      981,
      0,
      10,
      0,
      1,
      3,
      13
    ],
    [
      0,
      0,
      2,
      0,
      968,
      0,
      5,
      1,
      0,
      6
    ],
    [
      3,
      0,
      0,
      6,
      0,
      875,
      3,
      0,
      2,
      3
    ],
    [
      6,
      3,
      0,
      0,
      2,
      9,
      935,
      0,
      3,
      0
    ],
    [
      2,
      11,
      11,
      1,
      3,
      0,
      0,
      992,
      2,
      6
    ],
    [
      2,
      0,
      5,
      6,
      1,
      6,
      2,
      2,
      945,
      5
    ],
    [
      0,
      3,
      0,
      6,
      11,
      6,
      1,
      3,
      0,
      979
    ]
  ],
  "config": {
    "hidden_sizes": [
      256,
      128
    ],
    "activation": "relu",
    "dropout": 0.0,
    "use_batch_norm": false,
    "batch_size": 64,
    "learning_rate": 0.001,
    "optimizer": "adam",
    "scheduler": "none",
    "regularizer": "none",
    "reg_lambda": 0.0,
    "weight_decay": 0.0
  }
}