{
  "train_loss": [
    0.2946340531419825,
    0.14810486773208337,
    0.11102971721909664,
    0.09391506055328581,
    0.07968134271657025,
    0.07161751554768395,
    0.06402723348527042,
    0.05892239145065347,
    0.05518980645553933,
    0.05156846468019541,
    0.04812126867680086
  ],
  "train_acc": [
    0.9128703703703703,
    0.9555370370370371,
    0.9652777777777778,
    0.9701481481481481,
    0.9749444444444444,
    0.9765370370370371,
    0.9794444444444445,
    0.9801296296296297,
    0.9821851851851852,
    0.9825,
    0.9838888888888889
  ],
  "val_loss": [
    0.1590936340490977,
    0.12209751189748447,
    0.10054917731881141,
    0.09133621858557066,
    0.09036969763537248,
    0.0821263378560543,
    0.0867495529949665,
    0.08965248258660237,
    0.08247893650333087,
    0.08384885823602478,
    0.08429099436725179
  ],
  "val_acc": [
    0.9495,
    0.9615,
    0.9713333333333334,
    0.9721666666666666,
    0.975,
    0.9768333333333333,
    0.9748333333333333,
    0.9746666666666667,
    0.9781666666666666,
    0.9766666666666667,
    0.9771666666666666
  ],
  "learning_rate": [
    0.001,
    0.001,
    0.001,
    0.001,
    0.001,
    0.001,
    0.001,
    0.001,
    0.001,
    0.001,
    0.001
  ],
  "best_epoch": 6,
  "best_val_loss": 0.0821263378560543,
  "best_val_acc": 0.9768333333333333,
  "config": {
    "hidden_sizes": [
      128
    ],
    "activation": "relu",
    "dropout": 0.2,
    "use_batch_norm": false,
    "epochs": 15,
    "batch_size": 64,
    "learning_rate": 0.001,
    "optimizer": "adam",
    "scheduler": "none",
    "regularizer": "none",
    "reg_lambda": 0.0,
    "weight_decay": 0.0
  }
}