{
  "test_loss": 0.07245875955191441,
  "test_accuracy": 0.9779,
  "num_samples": 10000,
  "per_class_accuracy": [
    0.9877551020408163,
    0.9938325991189427,
    0.9757751937984496,
    0.9742574257425742,
    0.9806517311608961,
    0.9786995515695067,
    0.9770354906054279,
    0.9776264591439688,
    0.9691991786447639,
    0.9623389494549058
  ],
  "confusion_matrix": [
    [
      968,
      0,
      0,
      1,
      0,
      1,
      4,
      1,
      1,
      4
    ],
    [
      0,
      1128,
      3,
      0,
      0,
      0,
      1,
      0,
      3,
      0
    ],
    [
      4,
      4,
      1007,
      1,
      2,
      0,
      3,
      8,
      3,
      0
    ],
    [
      0,
      0,
      4,
      984,
      0,
      9,
      0,
      5,
      5,
      3
    ],
    [
      1,
      1,
      2,
      0,
      963,
      1,
      4,
      2,
      0,
      8
    ],
    [
      2,
      0,
      0,
      8,
      0,
      873,
      3,
      1,
      3,
      2
    ],
    [
      5,
      3,
      0,
      1,
      5,
      5,
      936,
      0,
      3,
      0
    ],
    [
      1,
      6,
      8,
      3,
      0,
      0,
      0,
      1005,
      0,
      5
    ],
    [
      2,
      1,
      2,
      7,
      4,
      7,
      2,
      2,
      944,
      3
    ],
    [
      3,
      5,
      0,
      5,
      9,
      5,
      1,
      8,
      2,
      971
    ]
  ],
  "config": {
    "hidden_sizes": [
      128
    ],
    "activation": "relu",
    "dropout": 0.2,
    "use_batch_norm": false,
    "batch_size": 64,
    "learning_rate": 0.001,
    "optimizer": "adam",
    "scheduler": "none",
    "regularizer": "none",
    "reg_lambda": 0.0,
    "weight_decay": 0.0
  }
}