{
  "train_loss": [
    0.26905408076003745,
    0.12233254241612222,
    0.09484607154903589,
    0.07966465355345496,
    0.06773688235368441,
    0.061813926704779816,
    0.05825436524039617,
    0.05073723182192555,
    0.048367230343822114
  ],
  "train_acc": [
    0.9176481481481481,
    0.9617222222222223,
    0.9705185185185186,
    0.9754074074074074,
    0.9782592592592593,
    0.9805925925925926,
    0.981462962962963,
    0.983537037037037,
    0.9837592592592592
  ],
  "val_loss": [
    0.1347538889547189,
    0.10161744666099548,
    0.09626115438342095,
    0.08165380743642649,
    0.08573930304994186,
    0.08896842101961375,
    0.0871661737759908,
    0.09637971985464294,
    0.09477722912530104
  ],
  "val_acc": [
    0.9611666666666666,
    0.9706666666666667,
    0.9721666666666666,
    0.9758333333333333,
    0.9751666666666666,
    0.9731666666666666,
    0.9741666666666666,
    0.973,
    0.9766666666666667
  ],
  "learning_rate": [
    0.001,
    0.001,
    0.001,
    0.001,
    0.001,
    0.001,
    0.001,
    0.001,
    0.001
  ],
  "best_epoch": 4,
  "best_val_loss": 0.08165380743642649,
  "best_val_acc": 0.9758333333333333,
  "config": {
    "hidden_sizes": [
      256,
      128
    ],
    "activation": "gelu",
    "dropout": 0.2,
    "use_batch_norm": false,
    "epochs": 15,
    "batch_size": 64,
    "learning_rate": 0.001,
    "optimizer": "adam",
    "scheduler": "none",
    "regularizer": "none",
    "reg_lambda": 0.0,
    "weight_decay": 0.0
  }
}