{
  "test_loss": 0.07312540581077337,
  "test_accuracy": 0.9791,
  "num_samples": 10000,
  "per_class_accuracy": [
    0.9846938775510204,
    0.9903083700440528,
    0.9786821705426356,
    0.9772277227722772,
    0.9816700610997964,
    0.9753363228699552,
    0.9874739039665971,
    0.9776264591439688,
    0.9650924024640657,
    0.9712586719524281
  ],
  "confusion_matrix": [
    [
      965,
      1,
      0,
      0,
      0,
      2,
      7,
      1,
      2,
      2
    ],
    [
      0,
      1124,
      2,
      1,
      0,
      1,
      5,
      0,
      2,
      0
    ],
    [
      3,
      1,
      1010,
      3,
      1,
      0,
      2,
      6,
      6,
      0
    ],
    [
      0,
      0,
      3,
      987,
      0,
      3,
      0,
      4,
      2,
      11
    ],
    [
      3,
      0,
      1,
      0,
      964,
      0,
      8,
      2,
      0,
      4
    ],
    [
      2,
      0,
      0,
      10,
      1,
      870,
      3,
      0,
      1,
      5
    ],
    [
      5,
      2,
      0,
      1,
      1,
      2,
      946,
      0,
      1,
      0
    ],
    [
      1,
      5,
      6,
      1,
      1,
      0,
      0,
      1005,
      1,
      8
    ],
    [
      4,
      0,
      3,
      2,
      4,
      8,
      3,
      4,
      940,
      6
    ],
    [
      1,
      2,
      0,
      5,
      12,
      2,
      1,
      6,
      0,
      980
    ]
  ],
  "config": {
    "hidden_sizes": [
      256,
      128
    ],
    "activation": "gelu",
    "dropout": 0.2,
    "use_batch_norm": false,
    "batch_size": 64,
    "learning_rate": 0.001,
    "optimizer": "adam",
    "scheduler": "none",
    "regularizer": "none",
    "reg_lambda": 0.0,
    "weight_decay": 0.0
  }
}