{
  "train_loss": [
    0.2745705814140814,
    0.1278150363487226,
    0.1033046989109781,
    0.08473039707375897,
    0.07417523324420607,
    0.0644029299153222,
    0.059893559414755417,
    0.053416085170237,
    0.04994211804011354,
    0.044267496379161324,
    0.04263032100901559,
    0.0398084543949614,
    0.0366191793375959,
    0.03388929679044695,
    0.03350407739887359
  ],
  "train_acc": [
    0.9233148148148148,
    0.9602037037037037,
    0.9677962962962963,
    0.973574074074074,
    0.9767222222222223,
    0.9785555555555555,
    0.9802962962962963,
    0.982,
    0.9837777777777778,
    0.9851666666666666,
    0.9857407407407407,
    0.9861851851851852,
    0.9878333333333333,
    0.9887592592592592,
    0.9889444444444444
  ],
  "val_loss": [
    0.12263434529304504,
    0.09330616036057472,
    0.07710075790186723,
    0.07103467252353828,
    0.07022258327156305,
    0.07380360798289379,
    0.07486304385463396,
    0.07083052143951257,
    0.06354398178185026,
    0.06319073203826944,
    0.06093493517053624,
    0.06424551430344581,
    0.06459178506645064,
    0.061908991205816465,
    0.06606517375446856
  ],
  "val_acc": [
    0.963,
    0.9711666666666666,
    0.9768333333333333,
    0.9778333333333333,
    0.9775,
    0.9771666666666666,
    0.9753333333333334,
    0.9796666666666667,
    0.9801666666666666,
    0.981,
    0.9811666666666666,
    0.9826666666666667,
    0.9805,
    0.9838333333333333,
    0.9821666666666666
  ],
  "learning_rate": [
    0.001,
    0.001,
    0.001,
    0.001,
    0.001,
    0.001,
    0.001,
    0.001,
    0.001,
    0.001,
    0.001,
    0.001,
    0.001,
    0.001,
    0.001
  ],
  "best_epoch": 11,
  "best_val_loss": 0.06093493517053624,
  "best_val_acc": 0.9811666666666666,
  "config": {
    "hidden_sizes": [
      256,
      128
    ],
    "activation": "relu",
    "dropout": 0.2,
    "use_batch_norm": true,
    "epochs": 15,
    "batch_size": 64,
    "learning_rate": 0.001,
    "optimizer": "adam",
    "scheduler": "none",
    "regularizer": "none",
    "reg_lambda": 0.0,
    "weight_decay": 0.0
  }
}