{
  "test_loss": 0.05906502750265645,
  "test_accuracy": 0.983,
  "num_samples": 10000,
  "per_class_accuracy": [
    0.9877551020408163,
    0.9911894273127754,
    0.9825581395348837,
    0.9811881188118812,
    0.9806517311608961,
    0.9820627802690582,
    0.9832985386221295,
    0.97568093385214,
    0.9845995893223819,
    0.9801783944499505
  ],
  "confusion_matrix": [
    [
      968,
      1,
      2,
      0,
      0,
      0,
      3,
      1,
      3,
      2
    ],
    [
      0,
      1125,
      2,
      1,
      0,
      0,
      2,
      1,
      4,
      0
    ],
    [
      3,
      2,
      1014,
      1,
      0,
      0,
      1,
      5,
      6,
      0
    ],
    [
      0,
      0,
      5,
      991,
      0,
      5,
      0,
      4,
      3,
      2
    ],
    [
      2,
      0,
      1,
      1,
      963,
      0,
      5,
      1,
      1,
      8
    ],
    [
      3,
      0,
      0,
      7,
      0,
      876,
      2,
      1,
      2,
      1
    ],
    [
      4,
      3,
      1,
      1,
      1,
      4,
      942,
      0,
      2,
      0
    ],
    [
      1,
      3,
      11,
      2,
      2,
      0,
      0,
      1003,
      1,
      5
    ],
    [
      3,
      1,
      2,
      1,
      3,
      0,
      1,
      2,
      959,
      2
    ],
    [
      2,
      2,
      0,
      3,
      9,
      2,
      0,
      1,
      1,
      989
    ]
  ],
  "config": {
    "hidden_sizes": [
      256,
      128
    ],
    "activation": "relu",
    "dropout": 0.2,
    "use_batch_norm": true,
    "batch_size": 64,
    "learning_rate": 0.001,
    "optimizer": "adam",
    "scheduler": "none",
    "regularizer": "none",
    "reg_lambda": 0.0,
    "weight_decay": 0.0
  }
}