{
  "test_loss": 0.06652313984255306,
  "test_accuracy": 0.9808,
  "num_samples": 10000,
  "per_class_accuracy": [
    0.9918367346938776,
    0.986784140969163,
    0.9835271317829457,
    0.9821782178217822,
    0.9735234215885947,
    0.984304932735426,
    0.9812108559498957,
    0.9824902723735408,
    0.9774127310061602,
    0.9643211100099108
  ],
  "confusion_matrix": [
    [
      972,
      1,
      0,
      0,
      0,
      0,
      4,
      1,
      2,
      0
    ],
    [
      0,
      1120,
      3,
      1,
      0,
      0,
      3,
      2,
      6,
      0
    ],
    [
      1,
      0,
      1015,
      5,
      1,
      0,
      1,
      3,
      6,
      0
    ],
    [
      0,
      0,
      4,
      992,
      0,
      4,
      0,
      3,
      4,
      3
    ],
    [
      2,
      1,
      1,
      0,
      956,
      0,
      8,
      0,
      2,
      12
    ],
    [
      2,
      0,
      0,
      6,
      1,
      878,
      1,
      0,
      3,
      1
    ],
    [
      3,
      2,
      0,
      1,
      4,
      6,
      940,
      0,
      2,
      0
    ],
    [
      1,
      0,
      11,
      1,
      0,
      0,
      0,
      1010,
      3,
      2
    ],
    [
      4,
      0,
      2,
      3,
      4,
      2,
      2,
      3,
      952,
      2
    ],
    [
      4,
      2,
      0,
      3,
      7,
      4,
      0,
      6,
      10,
      973
    ]
  ],
  "config": {
    "hidden_sizes": [
      256,
      128
    ],
    "activation": "relu",
    "dropout": 0.2,
    "use_batch_norm": false,
    "batch_size": 64,
    "learning_rate": 0.001,
    "optimizer": "adam",
    "scheduler": "none",
    "regularizer": "l1",
    "reg_lambda": 1e-05,
    "weight_decay": 0.0
  }
}