{
  "train_loss": [
    0.34642148443504617,
    0.18831124046113756,
    0.1656705700159073,
    0.1511869624985589,
    0.1438816873298751,
    0.13967000200130322,
    0.13595310310964231,
    0.13475042041584298,
    0.1331989114637728,
    0.13126686172132138,
    0.1334023059385794,
    0.13143339707233287,
    0.13226082541324474,
    0.12871669450512638,
    0.13070831556231888
  ],
  "train_acc": [
    0.9097222222222222,
    0.9594814814814815,
    0.9676111111111111,
    0.972574074074074,
    0.9755185185185186,
    0.9774259259259259,
    0.9787592592592592,
    0.9807037037037037,
    0.9812592592592593,
    0.983037037037037,
    0.9828333333333333,
    0.9832592592592593,
    0.9832407407407407,
    0.9850740740740741,
    0.9849074074074075
  ],
  "val_loss": [
    0.15182568696141244,
    0.11189211388429006,
    0.09423636178175608,
    0.08545949637889862,
    0.09397971239189307,
    0.09489192082484563,
    0.09744474710524083,
    0.08167073443780343,
    0.08193681300804019,
    0.0772595175417761,
    0.08963766786952813,
    0.07426526289557417,
    0.07571205002566178,
    0.08310383481904865,
    0.07558892486120264
  ],
  "val_acc": [
    0.955,
    0.9648333333333333,
    0.9716666666666667,
    0.9741666666666666,
    0.9726666666666667,
    0.9723333333333334,
    0.9706666666666667,
    0.9768333333333333,
    0.9783333333333334,
    0.9778333333333333,
    0.9756666666666667,
    0.9815,
    0.9793333333333333,
    0.9773333333333334,
    0.9786666666666667
  ],
  "learning_rate": [
    0.001,
    0.001,
    0.001,
    0.001,
    0.001,
    0.001,
    0.001,
    0.001,
    0.001,
    0.001,
    0.001,
    0.001,
    0.001,
    0.001,
    0.001
  ],
  "best_epoch": 12,
  "best_val_loss": 0.07426526289557417,
  "best_val_acc": 0.9815,
  "config": {
    "hidden_sizes": [
      256,
      128
    ],
    "activation": "relu",
    "dropout": 0.2,
    "use_batch_norm": false,
    "epochs": 15,
    "batch_size": 64,
    "learning_rate": 0.001,
    "optimizer": "adam",
    "scheduler": "none",
    "regularizer": "l1",
    "reg_lambda": 1e-05,
    "weight_decay": 0.0
  }
}