{
  "train_loss": [
    2.2992995406680636,
    2.279868685658773,
    2.2719801006317137,
    2.265570343738132,
    2.2598364443037244,
    2.254415676964654,
    2.2494791305965847,
    2.246018379762438,
    2.2435140388064916,
    2.2418211026933457,
    2.2399500028822157,
    2.238514658991496,
    2.237543725797865,
    2.23614688750373,
    2.2353613712734646,
    2.2345049786461724,
    2.2335953456030953,
    2.233108590274387,
    2.232181924226549,
    2.2319265407562257,
    2.231180605231391,
    2.230588610373603,
    2.230097300889757,
    2.229618839730157,
    2.2290828034718833,
    2.228686504321628,
    2.2283204150729707,
    2.227675056245592,
    2.2272729788886174,
    2.2269578097873266,
    2.2267106975979276,
    2.226189352968004,
    2.2257418110317655,
    2.225423180601332,
    2.224650474633111,
    2.2244302529652913,
    2.2242900362226696,
    2.223924810197618,
    2.2233987035539413,
    2.223343187713623,
    2.222849471918742,
    2.222320092985365,
    2.222069449403551,
    2.2216003111945257,
    2.221243117311266,
    2.22086758901808,
    2.220567750676473,
    2.2202393396165636,
    2.219768763648139,
    2.2192745710584854,
    2.2187399387783473,
    2.218541820441352,
    2.2180814859178333,
    2.217906137339274,
    2.2177095031314424,
    2.217356809361776,
    2.2168083186679417,
    2.2163792286343043,
    2.216172610727946,
    2.2157060374789768,
    2.2155531074523926,
    2.2153981457604304,
    2.2147429032643635,
    2.214433797793918,
    2.2142557429419623,
    2.213924690246582,
    2.21382824122111,
    2.213408439848158,
    2.2132721341027155,
    2.2130420863257516,
    2.2127483703189426,
    2.212636485417684,
    2.2125461992051867,
    2.2124491914113364,
    2.212367026307848,
    2.2124002971225316,
    2.2122512628767224,
    2.2122165732913546,
    2.2122103943718803,
    2.212216360007392
  ],
  "train_acc": [
    0.24497777777777777,
    0.42133333333333334,
    0.4922,
    0.5469333333333334,
    0.5958,
    0.6383333333333333,
    0.6766,
    0.7048888888888889,
    0.7238888888888889,
    0.7333111111111111,
    0.7499333333333333,
    0.7575333333333333,
    0.7677777777777778,
    0.7779333333333334,
    0.7835555555555556,
    0.7893777777777777,
    0.7970222222222222,
    0.7994666666666667,
    0.8067333333333333,
    0.8098222222222222,
    0.8147333333333333,
    0.8176222222222223,
    0.8217555555555556,
    0.8243555555555555,
    0.8290888888888889,
    0.8323555555555555,
    0.8346444444444444,
    0.8388888888888889,
    0.8415555555555555,
    0.844,
    0.8452222222222222,
    0.8507777777777777,
    0.8526444444444444,
    0.8561777777777778,
    0.8599333333333333,
    0.8619333333333333,
    0.8622666666666666,
    0.8660666666666667,
    0.8685555555555555,
    0.8692222222222222,
    0.8726666666666667,
    0.8767555555555555,
    0.8779555555555556,
    0.8814666666666666,
    0.8834,
    0.887,
    0.8886444444444445,
    0.8919111111111111,
    0.8944444444444445,
    0.8984222222222222,
    0.9005111111111112,
    0.9016666666666666,
    0.9073111111111111,
    0.9062444444444444,
    0.9086444444444445,
    0.9113111111111111,
    0.9153555555555556,
    0.9181777777777778,
    0.9193111111111111,
    0.9229111111111111,
    0.9231111111111111,
    0.9244,
    0.9284888888888889,
    0.9316222222222222,
    0.9327333333333333,
    0.9349111111111111,
    0.9351555555555555,
    0.9379555555555555,
    0.9393333333333334,
    0.9411333333333334,
    0.9425555555555556,
    0.9431333333333334,
    0.9444444444444444,
    0.9441555555555555,
    0.9451777777777778,
    0.9453333333333334,
    0.9455777777777777,
    0.9454444444444444,
    0.9461111111111111,
    0.9459777777777778
  ],
  "val_loss": [
    2.1048918407440187,
    2.0442317253112794,
    1.9764934562683105,
    1.929156625556946,
    1.8532824827194214,
    1.8149593849182128,
    1.7633844913482666,
    1.7581852142333985,
    1.717655592918396,
    1.6857564628601074,
    1.682575008201599,
    1.697802356338501,
    1.6735838376998902,
    1.6615853464126586,
    1.6653991760253906,
    1.6602310298919678,
    1.6376517820358276,
    1.6250382522583007,
    1.6406321184158326,
    1.6362688766479492,
    1.601194725227356,
    1.6228659210205079,
    1.6101551927566529,
    1.6171835817337037,
    1.6148486671447755,
    1.5839959987640382,
    1.570478614616394,
    1.6056198987960815,
    1.57351826877594,
    1.5700432975769043,
    1.5737824871063233,
    1.5893750114440919,
    1.5686194301605225,
    1.5563061931610107,
    1.5718669681549071,
    1.580771111869812,
    1.559093010520935,
    1.550788793182373,
    1.5494388534545898,
    1.543532876586914,
    1.5580281450271607,
    1.5545967992782592,
    1.5386879026412963,
    1.544169637298584,
    1.5354069149017333,
    1.5443586284637452,
    1.5347281188964843,
    1.5275577608108521,
    1.527253693962097,
    1.5236664588928224,
    1.5226952724456788,
    1.508778273010254,
    1.521565885925293,
    1.5120937614440917,
    1.5090824714660644,
    1.517579167175293,
    1.5069452577590943,
    1.5101773767471314,
    1.503721277809143,
    1.5046632663726807,
    1.5071398469924926,
    1.490767393875122,
    1.5031364749908447,
    1.5008278015136718,
    1.4974609315872192,
    1.4901753734588623,
    1.498539414024353,
    1.490508800125122,
    1.4947800434112548,
    1.4952318822860717,
    1.4889129526138305,
    1.488138695526123,
    1.4887061964035033,
    1.4878626808166504,
    1.4915912475585937,
    1.4882679418563842,
    1.4894067276000977,
    1.4876901517868042,
    1.4879943614959716,
    1.4864983283996582
  ],
  "val_acc": [
    0.3832,
    0.4814,
    0.5396,
    0.5556,
    0.6238,
    0.6376,
    0.6906,
    0.688,
    0.735,
    0.7524,
    0.7464,
    0.7174,
    0.7574,
    0.7622,
    0.7572,
    0.7946,
    0.7914,
    0.8084,
    0.7804,
    0.7946,
    0.813,
    0.8152,
    0.8148,
    0.8122,
    0.8066,
    0.819,
    0.829,
    0.819,
    0.8352,
    0.8386,
    0.8388,
    0.834,
    0.8408,
    0.8428,
    0.8382,
    0.8226,
    0.8382,
    0.8436,
    0.8488,
    0.8574,
    0.8564,
    0.8538,
    0.8582,
    0.8596,
    0.8702,
    0.8536,
    0.8626,
    0.8708,
    0.869,
    0.8754,
    0.8706,
    0.884,
    0.879,
    0.8826,
    0.8792,
    0.8756,
    0.88,
    0.8846,
    0.8878,
    0.8878,
    0.8896,
    0.8908,
    0.8878,
    0.8922,
    0.892,
    0.894,
    0.8942,
    0.8932,
    0.8958,
    0.895,
    0.8976,
    0.8978,
    0.898,
    0.8984,
    0.8974,
    0.897,
    0.897,
    0.8976,
    0.8976,
    0.898
  ],