{
  "train_loss": [
    1.5865160556793212,
    1.236284959496392,
    1.0859677613576253,
    1.0002655887815688,
    0.9461960816913181,
    0.9033263028038873,
    0.8778266676584879,
    0.8465727334976196,
    0.8269016139560276,
    0.8067582632276747,
    0.7905935927920872,
    0.7771345113754272,
    0.7590706757121616,
    0.7465418498039246,
    0.7360370610872905,
    0.7292908538182576,
    0.7144052600648668,
    0.706018863720364,
    0.6977794883304173,
    0.6879622381634183,
    0.6825713520897759,
    0.6732161533355713,
    0.6720342146555582,
    0.6631692936367459,
    0.6602295173221164,
    0.65073081741333,
    0.6467288610034518,
    0.6411290158165825,
    0.6371032742818197,
    0.6301369412316217,
    0.6258051564640469,
    0.624521143658956,
    0.619577883084615,
    0.6115317197799682,
    0.6129408920076158,
    0.6029878141085306,
    0.6015297730869718,
    0.5985103247218662,
    0.5961651349597507,
    0.5922819361262851,
    0.5881163992563884,
    0.5861634277555677,
    0.5811228171348571,
    0.5791950746324327,
    0.5781348399268257,
    0.572689877933926,
    0.5716702390246922,
    0.5678233012941148,
    0.56460643986596,
    0.5602882869296604,
    0.5580025555398729,
    0.5565778395970662,
    0.5544754243002997,
    0.55045907225079,
    0.5500461213323805,
    0.5466465794033475,
    0.5431162923389011,
    0.5399414058897231,
    0.5381283714930216,
    0.5373445658365885,
    0.5341085777600606,
    0.5325906355751885,
    0.5316533686849806,
    0.5297503818935818,
    0.5274411424318949,
    0.5280899563471476,
    0.5229523465050592,
    0.5208320845709906,
    0.5205002243571811,
    0.5192035884963142,
    0.5164682064374287,
    0.5157310203552246,
    0.5164657638655769,
    0.5135821194330851,
    0.51179266266293,
    0.5114211544248792,
    0.5116112251175774,
    0.5090720816400316,
    0.5078782081604004,
    0.5080086109055413,
    0.5073383279800415,
    0.5067438757154676,
    0.5061271396425036,
    0.5050493905597263,
    0.5049618401103549,
    0.5042381007300483,
    0.5044458746380276,
    0.5040553290790982,
    0.5036920747756958,
    0.5026892222086589,
    0.5031129005855984,
    0.5029665382385254,
    0.50289337410397,
    0.5026944539811876,
    0.5025866446283128,
    0.5026127671135796,
    0.5023483734554715,
    0.5026137931187947,
    0.5026740705808004,
    0.5025742187923855
  ],
  "train_acc": [
    0.4952888888888889,
    0.6709333333333334,
    0.7452666666666666,
    0.7855333333333333,
    0.8100666666666667,
    0.8279777777777778,
    0.8400666666666666,
    0.8518222222222223,
    0.8615333333333334,
    0.8697333333333334,
    0.8773111111111112,
    0.8832888888888889,
    0.8900666666666667,
    0.8956444444444445,
    0.8994444444444445,
    0.9022222222222223,
    0.9082666666666667,
    0.9134,
    0.9153111111111111,
    0.9218222222222222,
    0.9231555555555555,
    0.9261555555555555,
    0.9279111111111111,
    0.9326,
    0.9323777777777777,
    0.9360888888888889,
    0.9388,
    0.9394,
    0.9423555555555555,
    0.9458444444444445,
    0.9472222222222222,
    0.9470222222222222,
    0.9496888888888889,
    0.9535555555555556,
    0.9518888888888889,
    0.9568888888888889,
    0.9585777777777778,
    0.9594222222222222,
    0.9592888888888889,
    0.9611333333333333,
    0.9630888888888889,
    0.9640666666666666,
    0.9667111111111111,
    0.9665333333333334,
    0.9672222222222222,
    0.9694888888888888,
    0.9704888888888888,
    0.9718666666666667,
    0.9733777777777778,
    0.9757333333333333,
    0.9761111111111112,
    0.9766444444444444,
    0.9776444444444444,
    0.979,
    0.9797777777777777,
    0.9810666666666666,
    0.9826222222222222,
    0.9845555555555555,
    0.9851111111111112,
    0.9851333333333333,
    0.9863777777777778,
    0.9873555555555555,
    0.9871777777777778,
    0.9882222222222222,
    0.9894222222222222,
    0.9896,
    0.9916888888888888,
    0.9924222222222222,
    0.992,
    0.9928444444444444,
    0.9941333333333333,
    0.9943555555555555,
    0.9940222222222223,
    0.9952222222222222,
    0.9959111111111111,
    0.9962444444444445,
    0.9958888888888889,
    0.9969555555555556,
    0.9976666666666667,
    0.9977111111111111,
    0.9978222222222223,
    0.9982222222222222,
    0.9982222222222222,
    0.9989111111111111,
    0.9986666666666667,
    0.9990444444444444,
    0.9987333333333334,
    0.9989555555555556,
    0.9992666666666666,
    0.9995777777777778,
    0.9994666666666666,
    0.9994,
    0.9994666666666666,
    0.9995333333333334,
    0.9996666666666667,
    0.9996,
    0.9997333333333334,
    0.9996666666666667,
    0.9995555555555555,
    0.9995777777777778
  ],
  "val_loss": [
    1.350589662361145,
    1.050897189617157,
    0.8164776100158692,
    0.7306253616333008,
    0.5689831259965896,
    0.629646715593338,
    0.6596572086811066,
    0.5261459478855133,
    0.6918813014984131,
    0.5814315899372101,
    0.5139544620275498,
    0.48751911413669585,
    0.48957823541164397,
    0.4761544795513153,
    0.4838027634382248,
    0.6060145566940308,
    0.44074814352989194,
    0.4766620302557945,
    0.4053260404586792,
    0.4267931195259094,
    0.38324476203918456,
    0.36879190995693206,
    0.41202074058055876,
    0.40584022805690767,
    0.37647350842952726,
    0.41501134712696075,
    0.4207044830203056,
    0.4236494742155075,
    0.3725288277387619,
    0.35709144440889357,
    0.3760565183401108,
    0.4126425616383553,
    0.37269280955791473,
    0.34037719782590864,
    0.36394445161819455,
    0.35592359791994094,
    0.375372323179245,
    0.36794370210170746,
    0.35756470322608946,
    0.35187858811616896,
    0.37914838161468506,
    0.3571150207042694,
    0.34044233659505846,
    0.36209074561595916,
    0.3323596590638161,
    0.3570165774464607,
    0.36367238610982894,
    0.36285073866844175,
    0.3458373208761215,
    0.3356680727005005,
    0.34992795962095263,
    0.33191884022951124,
    0.34649751905202864,
    0.3447799283981323,
    0.3321649641633034,
    0.32517182799577715,
    0.33345871210098266,
    0.3294594670891762,
    0.3489076069831848,
    0.33383366236686707,
    0.3393614489197731,
    0.34102746176719667,
    0.3222708954811096,
    0.3303541122198105,
    0.3094820076942444,
    0.31285912955999373,
    0.3040500425815582,
    0.30551653110980986,
    0.3107376969099045,
    0.29633902510404586,
    0.3235234672784805,
    0.32114875741004945,
    0.3009603436946869,
    0.3056646822452545,
    0.30113836140632627,
    0.3131292475938797,
    0.30381139669418333,
    0.30353981688022613,
    0.30692172031402587,
    0.30006025754213334,
    0.29723259193897245,
    0.30897041397094727,
    0.30233626178503037,
    0.2988783071279526,
    0.2952984403848648,
    0.2921014736533165,
    0.29245681701898574,
    0.2908764233589172,
    0.2936282096624374,
    0.28942327105998994,
    0.28826583191156385,
    0.29016558178663254,
    0.2881402854681015,
    0.28562541044950485,
    0.28666375007629397,
    0.2863616604089737,
    0.28783241299390794,
    0.28573171191215513,
    0.2862181716322899,
    0.28793906031847
  ],