{
  "train_loss": [
    0.29398680405705063,
    0.1319069639245669,
    0.10523687825379548,
    0.0872543975310745,
    0.07833890350935636,
    0.07077990098201015,
    0.06389542265981436,
    0.05688815768449395,
    0.060605979139054265,
    0.05570837321532545
  ],
  "train_acc": [
    0.9103703703703704,
    0.9591481481481482,
    0.9674074074074074,
    0.9724074074074074,
    0.9747037037037037,
    0.9777962962962963,
    0.9791851851851852,
    0.9815555555555555,
    0.9807037037037037,
    0.9820740740740741
  ],
  "val_loss": [
    0.14638209300239882,
    0.09989761600891749,
    0.09188270209232965,
    0.09910493330657483,
    0.07921056987345218,
    0.08928330861528715,
    0.0870211963330706,
    0.0869128202671806,
    0.08807927437126636,
    0.09844804357240597
  ],
  "val_acc": [
    0.9543333333333334,
    0.9698333333333333,
    0.972,
    0.97,
    0.9768333333333333,
    0.9731666666666666,
    0.976,
    0.9758333333333333,
    0.9771666666666666,
    0.976
  ],
  "learning_rate": [
    0.001,
    0.001,
    0.001,
    0.001,
    0.001,
    0.001,
    0.001,
    0.001,
    0.001,
    0.001
  ],
  "best_epoch": 5,
  "best_val_loss": 0.07921056987345218,
  "best_val_acc": 0.9768333333333333,
  "config": {
    "hidden_sizes": [
      256,
      128
    ],
    "activation": "relu",
    "dropout": 0.2,
    "use_batch_norm": false,
    "epochs": 15,
    "batch_size": 64,
    "learning_rate": 0.001,
    "optimizer": "adam",
    "scheduler": "none",
    "regularizer": "l2",
    "reg_lambda": 0.0001,
    "weight_decay": 0.0001
  }
}