{
  "test_loss": 0.07371423940826208,
  "test_accuracy": 0.9773,
  "num_samples": 10000,
  "per_class_accuracy": [
    0.9908163265306122,
    0.9920704845814978,
    0.9854651162790697,
    0.9851485148514851,
    0.9674134419551935,
    0.9551569506726457,
    0.9853862212943633,
    0.958171206225681,
    0.971252566735113,
    0.9781962338949455
  ],
  "confusion_matrix": [
    [
      971,
      0,
      1,
      1,
      1,
      1,
      1,
      1,
      2,
      1
    ],
    [
      0,
      1126,
      3,
      1,
      0,
      0,
      2,
      0,
      3,
      0
    ],
    [
      4,
      0,
      1017,
      3,
      3,
      0,
      0,
      3,
      2,
      0
    ],
    [
      1,
      0,
      3,
      995,
      0,
      1,
      0,
      3,
      3,
      4
    ],
    [
      3,
      0,
      3,
      0,
      950,
      0,
      3,
      2,
      0,
      21
    ],
    [
      4,
      0,
      0,
      18,
      1,
      852,
      3,
      1,
      4,
      9
    ],
    [
      5,
      2,
      1,
      1,
      4,
      1,
      944,
      0,
      0,
      0
    ],
    [
      3,
      6,
      14,
      3,
      0,
      0,
      0,
      985,
      3,
      14
    ],
    [
      3,
      1,
      3,
      6,
      4,
      1,
      3,
      3,
      946,
      4
    ],
    [
      4,
      3,
      1,
      5,
      5,
      0,
      0,
      3,
      1,
      987
    ]
  ],
  "config": {
    "hidden_sizes": [
      256,
      128
    ],
    "activation": "relu",
    "dropout": 0.2,
    "use_batch_norm": false,
    "batch_size": 64,
    "learning_rate": 0.001,
    "optimizer": "adam",
    "scheduler": "none",
    "regularizer": "l2",
    "reg_lambda": 0.0001,
    "weight_decay": 0.0001
  }
}